Sender ID,Min of date_created,Max of date_created,Average of amount,Recency,Frequency,Monetary
10,01/10/2023,02/03/2024,1795.7,45.0,3,5387.02
20,20/03/2024,26/03/2024,3277.5,20.9,4,13110
24,12/09/2023,17/03/2024,592.2,30.8,20,11844
27,18/10/2023,18/12/2023,614.8,120.2,3,1844.29
30,13/09/2023,20/01/2024,555.0,87.6,2,1110
31,10/03/2024,10/03/2024,229.0,37.0,1,229
36,14/09/2023,01/02/2024,666.7,75.1,3,2000
38,16/12/2023,03/03/2024,3718.8,43.9,8,29750.67
42,02/12/2023,23/02/2024,500.0,52.9,2,1000
46,19/11/2023,19/11/2023,500.0,148.9,1,500
48,09/10/2023,09/10/2023,2268.5,189.9,1,2268.45
49,26/09/2023,26/09/2023,400.0,203.2,1,400
52,08/02/2024,27/03/2024,7576.0,19.8,5,37880
53,15/09/2023,13/03/2024,1714.3,34.4,7,12000
61,07/01/2024,01/02/2024,2500.0,75.4,2,5000
62,02/10/2023,22/11/2023,104.5,146.0,2,209
63,18/11/2023,21/11/2023,2080.5,147.1,2,4161
64,13/11/2023,08/03/2024,149.0,39.2,2,298
66,02/01/2024,02/01/2024,380.0,105.0,1,380
67,12/01/2024,12/01/2024,2000.0,95.2,1,2000
68,15/12/2023,23/02/2024,700.3,53.4,4,2801
75,10/09/2023,03/03/2024,3203.5,44.5,8,25628
81,24/12/2023,28/01/2024,1100.0,79.4,2,2200
85,27/03/2024,27/03/2024,1000.0,20.0,1,1000
87,12/02/2024,12/02/2024,1300.0,63.8,1,1300
92,24/03/2024,24/03/2024,5610.0,22.9,1,5610
94,08/09/2023,16/03/2024,459.3,31.6,3,1378
98,15/09/2023,26/03/2024,669.2,21.3,13,8700
99,19/10/2023,19/10/2023,353.0,180.0,2,706
102,27/01/2024,27/01/2024,2000.0,80.0,1,2000
105,03/10/2023,12/02/2024,527.8,64.4,3,1583.44
112,26/11/2023,26/11/2023,2650.0,141.8,1,2650
116,20/09/2023,13/12/2023,2800.0,125.2,2,5600
118,12/09/2023,20/03/2024,153.7,27.4,16,2459.86
120,23/09/2023,23/03/2024,368.5,24.4,8,2948
124,19/12/2023,19/12/2023,1150.0,118.8,1,1150
138,25/09/2023,11/11/2023,325.0,157.5,2,650
142,08/11/2023,20/03/2024,1905.7,27.0,9,17151
147,28/10/2023,02/02/2024,1025.3,74.3,2,2050.66
150,05/03/2024,05/03/2024,1000.0,41.9,1,1000
152,14/03/2024,14/03/2024,1250.0,33.0,2,2500
160,10/11/2023,23/02/2024,283.3,53.3,3,850
161,29/03/2024,29/03/2024,250.0,18.4,1,250
167,25/09/2023,29/03/2024,758.0,18.0,10,7580
173,14/10/2023,16/01/2024,701.7,91.0,3,2105
174,14/01/2024,19/03/2024,4180.0,28.0,2,8360
180,19/10/2023,19/10/2023,757.0,180.0,1,757
187,07/10/2023,07/10/2023,757.0,192.0,1,757
188,21/12/2023,21/12/2023,6000.0,117.2,1,6000
209,17/09/2023,21/12/2023,162.0,117.5,4,647.99
212,16/11/2023,16/11/2023,151.1,151.9,1,151.12
215,02/11/2023,02/11/2023,1437.0,166.5,1,1437
216,12/09/2023,26/03/2024,631.8,21.0,10,6318.3
222,01/01/2024,05/03/2024,142.8,42.5,4,571
227,06/09/2023,09/02/2024,401.0,67.4,2,802
238,16/10/2023,10/01/2024,1000.0,97.5,2,2000
246,17/09/2023,31/03/2024,1826.4,16.6,8,14611.15
247,09/10/2023,09/10/2023,290.0,190.3,2,580
250,27/11/2023,23/02/2024,1250.0,53.5,2,2500
252,21/12/2023,10/01/2024,225.9,97.1,3,677.65
260,28/01/2024,28/01/2024,1525.0,79.1,1,1525
268,06/09/2023,24/09/2023,7500.0,204.8,4,30000
272,05/01/2024,05/01/2024,1600.0,102.2,1,1600
281,05/09/2023,07/02/2024,1391.7,68.8,6,8350
285,08/02/2024,08/02/2024,2282.0,68.0,1,2282
286,19/09/2023,09/01/2024,1200.0,98.3,10,12000
305,12/10/2023,05/03/2024,136.1,42.0,9,1225
315,30/09/2023,06/03/2024,139.7,41.4,10,1396.94
322,25/09/2023,28/03/2024,956.7,19.4,3,2870
324,03/10/2023,18/01/2024,500.0,89.1,2,1000
326,05/01/2024,15/03/2024,2621.0,32.5,2,5242
333,12/10/2023,14/11/2023,201.5,154.2,2,403
338,03/09/2023,22/02/2024,1068.7,54.1,15,16030
344,09/09/2023,06/03/2024,752.0,41.4,9,6768
353,24/09/2023,10/12/2023,2484.3,128.4,4,9937.02
355,10/12/2023,15/03/2024,3230.3,32.4,3,9691
358,01/09/2023,29/03/2024,1729.7,18.5,13,22485.62
360,09/02/2024,09/02/2024,1000.0,67.4,1,1000
362,19/10/2023,03/03/2024,1300.0,44.1,2,2600
368,08/12/2023,14/12/2023,176.5,124.1,2,353
369,05/12/2023,05/12/2023,99.0,133.6,1,99
372,14/11/2023,14/11/2023,1000.0,153.9,1,1000
374,28/10/2023,24/03/2024,202.3,23.0,4,809
378,28/03/2024,28/03/2024,3000.0,19.1,1,3000
380,13/10/2023,22/01/2024,1200.8,85.0,5,6004
381,30/09/2023,30/09/2023,2500.0,199.0,1,2500
388,01/03/2024,01/03/2024,4000.0,45.9,1,4000
391,23/10/2023,23/10/2023,4515.0,176.3,1,4515
393,10/10/2023,20/02/2024,833.3,56.5,3,2500
399,05/10/2023,05/10/2023,800.0,194.0,1,800
405,08/10/2023,12/03/2024,427.2,35.1,6,2563
408,19/10/2023,12/11/2023,500.0,156.5,3,1500
409,17/09/2023,19/12/2023,2032.5,118.9,4,8130
414,16/10/2023,08/03/2024,383.8,39.0,5,1919
426,10/11/2023,10/11/2023,1000.0,158.0,1,1000
427,14/10/2023,14/10/2023,378.1,185.0,1,378.08
428,21/09/2023,30/03/2024,571.4,17.1,7,4000
430,28/01/2024,23/03/2024,6124.0,24.4,5,30620
447,21/11/2023,20/01/2024,841.0,87.2,3,2523
457,03/10/2023,26/03/2024,438.2,20.8,5,2191
461,18/12/2023,19/12/2023,4939.5,119.5,2,9879
466,03/09/2023,26/03/2024,593.3,21.3,3,1780
467,12/09/2023,24/03/2024,716.8,23.1,21,15053.31
478,22/03/2024,22/03/2024,1000.0,25.0,1,1000
502,30/11/2023,12/03/2024,1913.4,35.2,4,7653.61
517,21/10/2023,27/01/2024,833.3,79.9,3,2500
520,02/10/2023,22/03/2024,1322.7,24.9,3,3968
522,30/09/2023,11/01/2024,400.7,96.1,3,1202
532,28/02/2024,17/03/2024,304.5,30.5,2,608.93
534,17/09/2023,17/09/2023,7300.0,212.2,1,7300
538,11/01/2024,14/03/2024,1550.0,33.6,4,6200
544,18/01/2024,01/03/2024,3000.0,46.6,2,6000
547,02/11/2023,02/11/2023,7183.4,166.0,1,7183.38
571,14/09/2023,04/12/2023,584.0,134.0,2,1168
583,14/09/2023,07/03/2024,727.6,39.8,11,8004
584,28/12/2023,28/01/2024,7550.0,79.0,2,15100
587,11/03/2024,19/03/2024,7500.0,28.0,2,15000
601,07/09/2023,12/10/2023,877.3,187.4,4,3509
602,07/09/2023,24/03/2024,353.3,23.6,14,4946
614,05/10/2023,18/01/2024,2095.0,89.0,4,8380
627,16/01/2024,21/03/2024,933.3,25.9,3,2800
630,10/10/2023,22/03/2024,502.3,25.4,3,1507
635,12/10/2023,29/03/2024,428.5,18.6,2,857
640,26/01/2024,06/03/2024,385.0,41.5,4,1540
641,05/10/2023,09/03/2024,966.7,38.0,3,2900
649,21/09/2023,07/01/2024,4788.5,100.0,3,14365.43
657,21/09/2023,21/09/2023,1000.0,208.2,2,2000
676,27/02/2024,18/03/2024,323.3,29.0,3,970
689,19/02/2024,19/02/2024,1000.0,57.5,1,1000
690,14/11/2023,21/02/2024,2097.5,54.8,2,4195.01
693,04/10/2023,16/03/2024,693.1,31.5,5,3465.73
698,08/11/2023,08/11/2023,2000.0,160.4,1,2000
709,11/09/2023,08/02/2024,1325.0,68.4,2,2650
713,02/10/2023,02/02/2024,3056.0,74.0,5,15280
715,04/10/2023,02/03/2024,165.0,45.0,4,660
731,16/11/2023,09/03/2024,1070.0,38.1,5,5350
745,19/03/2024,19/03/2024,4560.0,28.5,1,4560
761,09/10/2023,27/02/2024,696.2,48.8,20,13923
784,15/01/2024,19/03/2024,1666.7,28.2,3,5000
800,19/09/2023,06/02/2024,3000.0,70.5,3,9000
812,28/02/2024,28/02/2024,755.7,48.0,1,755.65
824,23/10/2023,05/03/2024,1515.0,42.4,2,3030
832,06/02/2024,06/02/2024,1150.0,70.3,1,1150
848,15/10/2023,15/10/2023,2000.0,184.1,1,2000
856,02/01/2024,30/01/2024,3150.0,76.8,2,6300
858,18/10/2023,08/03/2024,759.1,39.6,8,6073
860,17/11/2023,17/11/2023,7000.0,151.6,1,7000
867,07/01/2024,03/02/2024,160.3,73.5,3,481
872,15/09/2023,02/12/2023,1932.3,136.4,9,17391.1
878,14/09/2023,05/03/2024,412.0,42.4,5,2060
879,27/09/2023,27/09/2023,700.0,202.4,1,700
886,09/10/2023,29/02/2024,275.0,47.5,2,550
887,12/10/2023,12/10/2023,1544.0,187.1,1,1544.01
903,14/09/2023,31/03/2024,3727.6,16.1,33,123012
911,05/11/2023,30/03/2024,374.5,17.7,31,11609.26
913,23/12/2023,23/12/2023,200.0,115.0,1,200
922,04/10/2023,25/10/2023,10000.0,174.1,5,50000
932,30/09/2023,30/09/2023,3033.0,199.5,1,3033
938,13/09/2023,26/11/2023,1749.9,142.7,4,6999.43
952,11/10/2023,11/10/2023,1000.0,187.9,1,1000
957,05/09/2023,16/10/2023,2000.0,182.9,2,4000
958,05/10/2023,28/12/2023,1000.0,110.2,2,2000
976,11/11/2023,11/03/2024,2000.0,36.8,2,4000
998,16/11/2023,07/03/2024,189.7,40.5,5,948.39
1002,16/10/2023,21/12/2023,1071.4,117.2,3,3214.32
1013,22/12/2023,22/12/2023,250.0,116.1,1,250
1024,28/11/2023,11/02/2024,2054.4,65.0,2,4108.81
1031,08/09/2023,17/03/2024,862.3,30.0,15,12934
1071,08/03/2024,31/03/2024,3792.5,16.5,2,7585
1075,19/09/2023,19/09/2023,7558.5,209.9,2,15117
1085,07/02/2024,07/02/2024,800.0,69.0,1,800
1114,17/10/2023,08/02/2024,427.5,68.3,4,1710
1123,09/02/2024,09/02/2024,365.1,67.3,1,365.12
1146,10/11/2023,10/11/2023,610.0,158.4,1,610
1161,12/10/2023,20/02/2024,1771.3,56.4,3,5314
1182,29/01/2024,29/01/2024,1200.0,78.1,1,1200
1187,18/09/2023,26/03/2024,816.7,21.5,6,4900
1191,20/10/2023,21/02/2024,655.8,54.9,5,3279
1198,19/09/2023,01/02/2024,905.7,75.6,3,2717.11
1199,18/09/2023,05/03/2024,708.3,42.5,6,4250
1210,09/11/2023,28/02/2024,1340.9,48.6,17,22795
1213,08/09/2023,24/11/2023,625.0,144.2,4,2500
1226,16/09/2023,05/03/2024,269.6,42.4,8,2157
1252,01/10/2023,28/12/2023,7553.3,110.7,3,22660
1261,23/11/2023,17/03/2024,750.0,30.4,2,1500
1271,09/09/2023,23/02/2024,572.5,53.1,9,5152.91
1278,29/10/2023,29/10/2023,5000.0,170.0,1,5000
1285,26/03/2024,26/03/2024,500.0,21.3,1,500
1288,26/01/2024,26/01/2024,550.0,81.0,1,550
1289,17/10/2023,17/10/2023,2500.0,182.4,1,2500
1295,10/10/2023,10/10/2023,1590.0,189.0,1,1590
1307,12/09/2023,28/02/2024,724.7,48.5,6,4348.22
1317,08/09/2023,13/03/2024,3378.0,34.0,7,23645.79
1320,11/09/2023,10/03/2024,1570.0,37.0,4,6280
1325,28/02/2024,29/03/2024,5057.1,18.2,2,10114.15
1334,18/12/2023,18/12/2023,4000.0,120.4,1,4000
1348,10/09/2023,24/03/2024,1464.3,23.5,11,16107
1349,23/02/2024,23/02/2024,300.0,52.9,1,300
1350,13/09/2023,28/01/2024,703.8,78.9,4,2815
1353,22/12/2023,19/03/2024,150.0,28.0,2,300
1356,03/10/2023,04/03/2024,275.0,43.4,4,1100
1360,17/09/2023,16/02/2024,2866.7,59.9,3,8600
1361,23/10/2023,16/11/2023,842.5,152.4,4,3370
1364,15/09/2023,15/09/2023,76.0,214.4,1,76
1366,09/10/2023,16/03/2024,1908.0,31.4,5,9540
1382,01/03/2024,15/03/2024,134.8,32.4,2,269.5
1388,15/03/2024,15/03/2024,200.0,32.2,1,200
1390,08/11/2023,09/11/2023,700.0,158.9,2,1400
1391,12/11/2023,11/01/2024,150.0,96.2,2,300
1403,10/10/2023,14/01/2024,2572.5,93.5,4,10290
1412,05/11/2023,07/02/2024,1152.0,69.4,5,5760
1415,04/10/2023,04/10/2023,200.0,195.4,1,200
1417,12/09/2023,04/03/2024,1852.6,43.0,8,14821
1435,06/11/2023,06/11/2023,620.0,161.9,1,620
1440,14/01/2024,27/03/2024,580.0,19.9,4,2320
1441,06/10/2023,14/03/2024,190.7,32.9,3,572
1442,06/09/2023,22/03/2024,1785.3,25.2,8,14282
1447,09/01/2024,28/03/2024,1775.0,19.0,2,3550
1450,26/09/2023,26/11/2023,450.3,141.9,6,2701.99
1457,11/10/2023,11/10/2023,3800.0,188.5,1,3800
1458,22/09/2023,26/03/2024,539.5,21.4,25,13487.1
1461,13/02/2024,13/02/2024,3800.0,63.5,1,3800
1491,11/09/2023,11/01/2024,333.3,96.5,3,1000
1496,08/09/2023,07/03/2024,248.2,39.9,6,1489.02
1499,02/10/2023,02/10/2023,3035.0,197.4,1,3035
1501,06/09/2023,18/03/2024,2104.0,29.4,2,4208
1503,22/02/2024,22/02/2024,2110.0,54.3,1,2110
1533,28/11/2023,28/11/2023,2000.0,140.8,1,2000
1536,06/09/2023,14/01/2024,1597.7,93.3,5,7988.47
1541,24/01/2024,30/03/2024,1809.7,16.8,6,10858
1548,11/09/2023,13/11/2023,1846.7,155.0,3,5540
1551,17/09/2023,30/03/2024,392.1,16.8,10,3921
1561,18/09/2023,25/02/2024,601.4,51.6,7,4210
1565,07/12/2023,24/01/2024,1300.0,82.9,3,3900
1571,06/09/2023,07/10/2023,1268.7,191.9,2,2537.38
1610,14/10/2023,10/11/2023,1125.0,158.6,2,2250
1612,14/11/2023,14/11/2023,1891.0,154.4,1,1891
1617,19/10/2023,19/10/2023,100.0,180.5,2,200
1620,09/10/2023,22/11/2023,504.1,146.5,3,1512.31
1621,15/09/2023,18/03/2024,713.6,29.5,11,7850
1623,14/12/2023,12/03/2024,650.0,34.9,3,1950
1624,10/09/2023,10/03/2024,697.9,36.9,11,7677.1
1629,29/09/2023,04/01/2024,713.5,102.8,6,4281
1634,03/10/2023,18/03/2024,1415.2,29.4,7,9906.54
1636,20/10/2023,27/12/2023,318.8,111.6,2,637.5
1656,28/01/2024,02/03/2024,1389.0,45.6,2,2778
1660,17/09/2023,04/02/2024,349.0,71.9,2,698
1671,28/11/2023,28/11/2023,3000.0,140.3,1,3000
1688,12/11/2023,14/01/2024,1827.5,93.1,2,3655
1704,08/09/2023,21/03/2024,380.1,26.1,8,3040.61
1705,13/09/2023,17/03/2024,297.7,30.4,12,3572
1714,01/11/2023,23/11/2023,1333.3,145.0,3,4000
1726,12/09/2023,26/03/2024,291.6,20.9,7,2041.54
1733,16/10/2023,05/11/2023,266.3,163.3,2,532.5
1736,06/09/2023,07/01/2024,5906.0,100.3,3,17718
1745,09/10/2023,20/03/2024,1000.0,27.5,3,3000
1749,25/11/2023,03/03/2024,214.8,44.0,8,1718
1755,05/09/2023,05/09/2023,1400.0,224.3,1,1400
1832,17/09/2023,19/03/2024,640.7,28.4,13,8329.23
1834,05/09/2023,03/02/2024,1405.3,73.4,6,8432
1845,11/09/2023,19/03/2024,2062.8,28.5,12,24754
1846,14/09/2023,28/03/2024,1176.6,19.4,14,16473
1850,05/09/2023,13/09/2023,2105.3,216.4,3,6316
1853,15/11/2023,18/03/2024,786.6,28.8,8,6293.01
1864,18/12/2023,18/12/2023,400.0,119.9,1,400
1868,01/11/2023,01/11/2023,100.0,167.4,1,100
1883,04/09/2023,31/03/2024,375.7,15.8,49,18408.28
1902,13/10/2023,23/12/2023,871.0,115.5,2,1742
1907,30/09/2023,24/03/2024,2257.8,22.9,9,20320
1912,06/12/2023,13/02/2024,107.0,63.4,2,214
1913,13/09/2023,16/03/2024,224.4,30.9,12,2692.96
1925,15/09/2023,18/03/2024,398.3,29.0,6,2390
1931,10/01/2024,11/03/2024,1949.3,36.4,6,11696
1937,20/09/2023,25/01/2024,622.2,81.9,5,3111
1953,01/09/2023,29/12/2023,598.4,109.5,8,4787.5
1970,13/09/2023,14/03/2024,542.7,33.0,5,2713.5
1971,08/09/2023,20/02/2024,500.0,56.0,6,3000
1977,21/11/2023,21/11/2023,200.0,146.9,1,200
1981,27/09/2023,30/12/2023,106.5,108.4,4,426
1982,19/11/2023,19/11/2023,454.0,148.9,1,454
2022,28/09/2023,31/01/2024,465.0,76.3,4,1860
2034,22/09/2023,25/02/2024,866.1,50.9,11,9527.51
2038,16/10/2023,07/11/2023,625.0,161.5,2,1250
2041,10/09/2023,07/02/2024,816.7,69.5,3,2450
2043,12/09/2023,25/11/2023,167.8,143.1,2,335.53
2044,24/02/2024,24/02/2024,155.0,52.4,1,155
2054,21/09/2023,03/03/2024,245.5,44.4,2,491
2071,17/02/2024,29/03/2024,387.5,18.5,4,1550
2077,19/12/2023,22/02/2024,150.0,54.1,2,300
2098,16/09/2023,18/02/2024,513.0,58.5,4,2052
2113,13/01/2024,27/03/2024,3630.2,19.9,6,21781
2118,30/03/2024,30/03/2024,1000.0,17.4,1,1000
2131,29/11/2023,29/11/2023,393.5,138.9,1,393.5
2142,18/01/2024,28/03/2024,316.7,18.8,3,950
2163,14/10/2023,01/02/2024,833.4,75.0,3,2500.29
2168,22/09/2023,02/03/2024,365.5,44.9,9,3289.9
2181,14/10/2023,12/01/2024,568.6,95.1,2,1137.2
2212,04/09/2023,04/02/2024,3310.7,72.3,3,9932
2213,19/09/2023,22/03/2024,800.0,25.6,7,5600
2215,17/09/2023,08/01/2024,600.0,98.8,2,1200
2226,11/12/2023,11/12/2023,2350.0,126.9,1,2350
2254,01/03/2024,02/03/2024,250.0,45.4,2,500
2257,07/10/2023,07/10/2023,1134.7,192.4,1,1134.65
2280,08/09/2023,07/03/2024,1176.0,40.4,4,4704
2294,19/10/2023,11/12/2023,768.0,127.2,2,1536
2297,09/01/2024,09/01/2024,3000.0,98.5,1,3000
2310,19/10/2023,08/01/2024,84.3,99.0,3,253
2316,06/10/2023,06/10/2023,379.0,193.0,1,379
2321,16/10/2023,27/11/2023,157.5,141.4,2,315
2323,11/02/2024,25/03/2024,500.0,21.9,2,1000
2324,10/11/2023,10/11/2023,1000.0,158.5,1,1000
2339,14/01/2024,02/03/2024,857.0,45.7,2,1714
2354,19/09/2023,10/10/2023,133.0,189.0,3,399.01
2385,15/10/2023,01/01/2024,1000.0,106.3,2,2000
2391,09/10/2023,09/10/2023,250.0,190.3,1,250
2402,20/01/2024,22/03/2024,609.5,25.3,2,1219
2412,02/09/2023,12/03/2024,771.3,35.2,26,20054.38
2446,20/09/2023,05/11/2023,1333.3,163.1,3,4000
2477,13/10/2023,06/02/2024,2950.0,70.0,3,8850
2494,19/10/2023,03/01/2024,243.3,104.2,3,730
2501,01/12/2023,01/12/2023,200.0,137.4,1,200
2505,10/09/2023,08/03/2024,367.4,39.3,9,3307
2513,02/12/2023,02/12/2023,756.2,136.4,1,756.2
2522,31/03/2024,31/03/2024,300.0,16.4,1,300
2527,10/09/2023,15/03/2024,679.5,32.3,12,8153.49
2545,13/10/2023,13/10/2023,6050.0,186.0,1,6050
2556,30/09/2023,25/03/2024,1929.6,22.0,10,19295.5
2597,04/02/2024,04/02/2024,200.0,72.5,2,400
2608,20/09/2023,27/02/2024,986.7,49.4,9,8880
2628,20/09/2023,20/09/2023,1000.0,208.9,1,1000
2650,06/09/2023,28/01/2024,166.8,79.4,5,834
2661,16/10/2023,16/10/2023,303.0,183.0,1,303
2676,07/09/2023,07/09/2023,500.0,221.9,1,500
2681,07/09/2023,27/10/2023,730.0,172.3,4,2920
2693,22/09/2023,19/12/2023,193.3,119.5,3,580
2713,02/03/2024,02/03/2024,460.0,45.4,1,460
2714,14/10/2023,14/10/2023,1000.0,185.4,1,1000
2720,12/09/2023,23/01/2024,347.8,84.3,3,1043.51
2726,15/09/2023,18/03/2024,1987.5,29.3,8,15900
2744,02/10/2023,25/12/2023,252.0,113.3,2,504
2746,30/10/2023,22/03/2024,376.0,25.3,4,1504
2772,07/10/2023,02/01/2024,2475.0,104.9,4,9900
2796,28/09/2023,31/03/2024,505.0,15.8,7,3535
2800,12/01/2024,13/03/2024,281.7,34.4,3,845
2825,13/10/2023,17/03/2024,524.5,30.7,6,3147.01
2826,01/03/2024,01/03/2024,765.0,46.5,1,765
2833,01/12/2023,01/12/2023,345.0,137.5,1,345
2856,10/11/2023,26/02/2024,2454.4,49.9,4,9817.53
2863,03/10/2023,03/10/2023,1200.0,196.2,1,1200
2869,12/10/2023,05/01/2024,898.7,102.5,15,13480.6
2874,27/03/2024,27/03/2024,200.0,20.1,1,200
2891,10/10/2023,21/03/2024,689.8,25.8,4,2759
2901,07/11/2023,06/02/2024,2077.5,70.2,4,8310
2908,17/09/2023,29/03/2024,1410.0,18.1,5,7050
2910,10/10/2023,25/02/2024,4875.0,51.0,4,19500
2921,20/09/2023,12/03/2024,560.0,35.0,5,2800
2927,21/10/2023,12/03/2024,848.1,34.9,5,4240.28
2932,11/09/2023,09/10/2023,1130.0,190.6,2,2260
2940,16/02/2024,16/02/2024,500.0,60.4,1,500
2950,14/09/2023,11/03/2024,770.6,36.4,7,5394.22
2967,13/10/2023,13/10/2023,1500.0,186.3,1,1500
2970,16/10/2023,28/11/2023,2090.0,140.4,2,4180
2982,11/11/2023,03/03/2024,1692.9,44.5,7,11850
3036,18/03/2024,31/03/2024,2750.5,16.0,2,5501
3037,25/03/2024,25/03/2024,5000.0,22.0,1,5000
3074,18/10/2023,19/02/2024,1340.0,57.4,6,8040
3079,07/09/2023,20/03/2024,376.0,26.8,10,3760
3084,01/10/2023,04/03/2024,526.3,43.0,6,3158
3133,25/09/2023,23/02/2024,2785.7,53.3,7,19500
3146,05/10/2023,03/03/2024,621.8,44.0,4,2487
3156,19/03/2024,19/03/2024,153.0,28.1,1,153
3157,06/01/2024,23/01/2024,3819.3,84.0,3,11458
3171,12/11/2023,12/11/2023,151.3,156.0,1,151.3
3190,27/09/2023,27/09/2023,500.0,202.4,1,500
3194,07/10/2023,16/10/2023,1276.0,183.4,2,2552
3201,19/09/2023,14/03/2024,705.5,33.1,6,4233.22
3202,03/10/2023,14/12/2023,380.0,123.8,5,1900
3237,12/09/2023,12/09/2023,7590.7,217.1,1,7590.7
3250,14/02/2024,14/02/2024,2000.0,62.4,1,2000
3252,14/09/2023,29/02/2024,1447.0,47.0,3,4341
3261,07/01/2024,23/01/2024,2815.8,84.0,2,5631.53
3305,13/09/2023,05/10/2023,420.0,194.0,3,1260
3326,11/09/2023,02/02/2024,1500.0,73.8,2,3000
3342,11/12/2023,11/12/2023,1511.0,127.5,1,1511
3379,23/01/2024,08/02/2024,3020.0,68.4,3,9060
3382,20/09/2023,11/01/2024,557.6,96.3,5,2788
3396,01/02/2024,01/02/2024,400.0,75.0,1,400
3416,21/03/2024,21/03/2024,376.9,26.5,1,376.88
3418,27/11/2023,27/11/2023,265.0,141.1,1,265
3420,23/09/2023,27/03/2024,213.9,20.5,8,1711
3441,09/10/2023,09/10/2023,100.0,190.6,1,100
3446,20/12/2023,26/03/2024,3012.5,21.0,8,24100
3453,10/10/2023,14/11/2023,350.0,154.6,2,700
3466,01/11/2023,28/02/2024,2210.5,48.0,4,8842
3473,05/11/2023,08/11/2023,2600.0,160.2,2,5200
3492,09/09/2023,18/03/2024,790.6,28.8,18,14230
3498,04/09/2023,19/03/2024,748.8,27.9,6,4493
3499,19/09/2023,12/11/2023,1075.0,155.9,4,4300
3502,04/10/2023,28/03/2024,1612.6,19.2,10,16126
3507,11/10/2023,24/02/2024,357.1,52.0,3,1071.27
3533,02/09/2023,29/03/2024,704.3,17.9,23,16198
3541,05/01/2024,16/03/2024,525.0,31.6,2,1050
3551,19/01/2024,24/01/2024,450.0,83.0,3,1350
3553,27/11/2023,03/03/2024,1947.3,44.5,3,5842
3564,12/09/2023,21/01/2024,1131.0,85.9,6,6786
3584,11/09/2023,03/03/2024,1294.0,44.4,5,6470
3598,04/09/2023,06/12/2023,505.3,132.4,3,1516
3628,07/10/2023,07/10/2023,500.0,192.5,1,500
3637,14/11/2023,13/03/2024,3215.0,34.1,2,6430
3682,17/10/2023,25/02/2024,1000.0,51.4,2,2000
3700,25/09/2023,22/03/2024,358.4,25.5,11,3942.5
3705,10/09/2023,29/03/2024,464.6,18.5,17,7898
3708,21/03/2024,21/03/2024,1500.0,25.8,1,1500
3720,26/11/2023,25/02/2024,5120.5,51.0,2,10241
3730,22/09/2023,14/02/2024,1100.3,62.0,4,4401
3744,01/12/2023,15/02/2024,689.0,61.5,2,1378
3758,13/09/2023,04/01/2024,319.1,103.2,7,2234
3763,20/09/2023,08/03/2024,680.6,39.3,8,5445
3766,18/09/2023,20/02/2024,1936.6,56.3,7,13556
3771,03/09/2023,30/03/2024,436.2,17.5,13,5670
3834,08/01/2024,06/03/2024,4050.0,41.1,2,8100
3858,06/10/2023,28/03/2024,508.8,19.5,4,2035
3860,26/09/2023,09/02/2024,238.0,67.4,2,476
3866,03/02/2024,03/02/2024,3000.0,73.5,1,3000
3924,03/10/2023,15/03/2024,311.8,32.2,9,2806
3925,11/01/2024,19/03/2024,1500.0,27.9,5,7500
3926,30/09/2023,05/03/2024,1180.3,42.3,3,3541
3964,02/10/2023,06/01/2024,1160.1,101.5,5,5800.34
3974,26/03/2024,26/03/2024,3000.0,20.9,1,3000
3980,15/09/2023,18/02/2024,984.7,57.8,4,3938.78
3999,24/09/2023,24/01/2024,1125.8,82.9,5,5629
4009,26/12/2023,26/12/2023,50.0,112.5,1,50
4033,22/03/2024,22/03/2024,1500.0,25.5,1,1500
4059,19/10/2023,19/10/2023,570.0,180.3,1,570
4071,07/10/2023,07/10/2023,375.0,192.4,1,375
4086,16/01/2024,16/01/2024,758.5,90.9,1,758.45
4093,15/03/2024,31/03/2024,3166.7,16.0,3,9500
4106,23/01/2024,23/01/2024,200.0,84.4,1,200
4126,12/10/2023,08/01/2024,267.2,98.9,3,801.51
4136,05/10/2023,25/12/2023,2225.0,112.8,4,8900
4142,14/03/2024,14/03/2024,500.0,33.1,1,500
4170,22/01/2024,25/03/2024,633.3,22.0,3,1900
4178,16/10/2023,16/10/2023,227.0,183.5,1,227
4184,07/02/2024,07/02/2024,765.0,69.5,1,765
4187,15/09/2023,29/03/2024,1737.0,18.5,7,12159
4189,26/09/2023,03/01/2024,132.7,104.4,3,398
4198,16/10/2023,15/02/2024,1960.0,61.1,5,9800
4206,20/09/2023,16/03/2024,632.8,31.0,4,2531
4211,24/09/2023,26/02/2024,1669.8,50.1,6,10019
4222,30/09/2023,02/03/2024,1181.2,45.0,5,5905.96
4267,02/09/2023,30/03/2024,1206.3,17.6,8,9650
4271,10/12/2023,10/12/2023,1890.4,127.9,1,1890.36
4273,20/11/2023,20/11/2023,1513.0,148.2,1,1513
4305,13/09/2023,30/01/2024,357.1,77.0,7,2500
4375,21/11/2023,21/11/2023,800.0,147.0,1,800
4381,23/09/2023,21/11/2023,518.5,147.5,2,1037
4385,20/09/2023,20/09/2023,5304.0,209.5,1,5304
4393,15/12/2023,25/03/2024,282.0,22.1,3,846
4395,29/09/2023,10/03/2024,2386.2,37.4,12,28634
4396,06/09/2023,07/03/2024,155.6,40.4,13,2022.21
4424,06/09/2023,02/01/2024,1337.3,104.9,4,5349.03
4433,04/11/2023,29/02/2024,762.2,47.3,5,3811
4486,05/02/2024,21/02/2024,304.5,55.5,2,609
4530,13/10/2023,02/12/2023,1355.3,136.2,3,4066
4538,17/01/2024,12/02/2024,4050.0,64.2,4,16200
4540,08/12/2023,06/03/2024,2101.4,41.7,7,14710
4541,20/09/2023,31/03/2024,527.1,15.9,7,3690
4542,07/11/2023,04/02/2024,2647.7,72.4,3,7943
4555,11/12/2023,15/02/2024,2350.0,61.0,3,7050
4616,07/10/2023,04/03/2024,304.0,43.3,3,912
4639,04/10/2023,24/03/2024,2344.9,23.0,5,11724.58
4689,16/10/2023,25/02/2024,208.3,51.2,3,625
4691,29/09/2023,18/11/2023,1335.0,150.3,2,2670
4702,01/10/2023,01/10/2023,3000.0,198.4,1,3000
4710,09/10/2023,10/10/2023,1000.0,189.3,2,2000
4716,23/02/2024,24/03/2024,6375.0,23.5,4,25500
4742,31/03/2024,31/03/2024,5000.0,16.5,1,5000
4749,28/10/2023,25/03/2024,750.0,22.5,2,1500
4765,03/10/2023,01/02/2024,993.3,75.5,3,2980
4766,18/02/2024,18/02/2024,3800.0,57.9,1,3800
4803,23/12/2023,25/12/2023,299.0,113.2,2,598
4814,06/01/2024,06/01/2024,4000.0,101.5,1,4000
4833,16/03/2024,16/03/2024,1250.0,31.4,1,1250
4839,08/09/2023,22/03/2024,1125.4,25.3,14,15755
4841,20/10/2023,23/12/2023,427.0,115.0,5,2135
4850,30/09/2023,22/02/2024,926.2,54.5,3,2778.66
4880,18/09/2023,12/01/2024,511.0,95.5,3,1533
4882,19/10/2023,01/03/2024,250.0,46.4,4,1000
4889,01/10/2023,22/02/2024,441.4,54.1,5,2207
4895,06/11/2023,06/11/2023,2500.0,161.8,1,2500
4897,18/12/2023,03/02/2024,3480.0,73.5,2,6960
4905,30/09/2023,03/03/2024,2912.5,44.5,2,5825
4939,05/03/2024,14/03/2024,892.3,32.9,3,2677
4948,23/09/2023,01/10/2023,371.5,198.1,2,743
4956,19/09/2023,20/01/2024,131.6,87.6,5,658
4957,03/11/2023,03/11/2023,1500.0,165.6,1,1500
4976,17/10/2023,15/02/2024,1141.2,61.4,8,9129.32
5026,15/09/2023,05/01/2024,425.0,102.5,4,1700
5036,20/09/2023,27/03/2024,96.8,20.2,9,871
5048,20/12/2023,26/02/2024,850.0,50.0,2,1700
5060,07/03/2024,07/03/2024,750.0,40.5,1,750
5065,08/09/2023,26/12/2023,2100.0,112.3,5,10500
5066,26/12/2023,07/01/2024,398.0,99.9,2,795.94
5092,01/10/2023,29/02/2024,3409.8,47.1,4,13639.04
5125,01/10/2023,09/01/2024,734.7,98.5,3,2204.1
5127,18/02/2024,13/03/2024,448.5,34.4,2,896.97
5139,02/09/2023,11/01/2024,1133.8,96.4,4,4535
5231,08/10/2023,03/01/2024,2450.0,103.9,2,4900
5284,09/11/2023,04/03/2024,272.2,42.9,2,544.47
5290,02/10/2023,21/02/2024,377.5,55.6,4,1510
5297,19/02/2024,19/02/2024,200.0,57.1,1,200
5332,28/09/2023,22/03/2024,1021.5,25.0,7,7150.21
5367,25/03/2024,25/03/2024,150.0,22.0,1,150
5385,14/11/2023,04/03/2024,473.3,43.5,3,1420
5389,03/09/2023,23/03/2024,1181.1,23.9,11,12992
5403,18/10/2023,27/03/2024,3261.0,20.3,5,16305
5406,13/03/2024,13/03/2024,500.0,33.9,1,500
5417,15/10/2023,03/01/2024,874.3,104.3,4,3497
5478,01/03/2024,01/03/2024,250.0,46.0,2,500
5498,21/09/2023,19/03/2024,814.0,27.9,5,4070
5550,19/09/2023,21/03/2024,1650.0,26.4,6,9900
5561,13/09/2023,11/03/2024,378.7,36.4,9,3408
5571,26/09/2023,18/10/2023,549.5,181.7,6,3297.11
5572,15/01/2024,15/01/2024,1000.0,92.2,1,1000
5573,04/10/2023,18/02/2024,2000.0,58.5,2,4000
5574,15/10/2023,01/03/2024,3600.0,46.4,6,21600
5589,04/09/2023,24/03/2024,2083.4,23.0,9,18751
5607,11/10/2023,23/12/2023,1376.0,114.8,5,6880
5608,23/01/2024,20/02/2024,380.5,56.0,2,761
5614,28/09/2023,23/03/2024,730.0,24.1,5,3650
5619,12/10/2023,27/03/2024,443.3,20.2,6,2660
5625,22/12/2023,23/01/2024,750.0,83.9,2,1500
5629,31/01/2024,14/03/2024,300.0,32.9,2,600
5633,04/02/2024,04/02/2024,2000.0,72.0,1,2000
5677,18/10/2023,28/03/2024,943.4,19.4,5,4717
5687,25/09/2023,13/02/2024,1486.0,63.0,5,7430
5700,29/09/2023,18/01/2024,304.4,89.4,5,1522
5733,16/01/2024,30/03/2024,2526.4,17.4,6,15158.15
5796,18/10/2023,26/02/2024,359.6,49.9,5,1798.15
5797,20/11/2023,19/01/2024,750.0,88.6,2,1500
5800,26/02/2024,26/02/2024,1200.0,50.0,1,1200
5812,11/10/2023,26/02/2024,1218.9,50.4,8,9750.87
5859,26/10/2023,17/03/2024,143.0,30.0,6,857.78
5864,15/10/2023,14/01/2024,272.7,93.5,2,545.43
5866,11/11/2023,11/11/2023,800.0,157.5,1,800
5897,02/10/2023,02/10/2023,151.6,197.3,1,151.64
5934,09/11/2023,09/11/2023,400.0,159.1,1,400
5947,30/03/2024,30/03/2024,150.0,17.1,1,150
5949,06/09/2023,23/03/2024,963.3,23.8,6,5780
5950,07/12/2023,07/12/2023,434.0,130.9,1,434
5957,06/12/2023,14/12/2023,1925.0,124.1,2,3850
5978,24/01/2024,26/03/2024,437.5,21.5,4,1750
5983,20/01/2024,20/01/2024,250.0,87.4,1,250
6002,20/09/2023,26/03/2024,610.0,21.4,5,3050
6003,19/10/2023,22/01/2024,878.5,85.4,2,1757
6006,17/02/2024,17/02/2024,2500.0,59.3,1,2500
6033,17/09/2023,31/01/2024,85.5,75.8,4,342
6035,01/12/2023,01/12/2023,999.0,137.3,1,999
6039,01/10/2023,16/03/2024,2762.1,31.0,9,24859
6044,21/09/2023,06/03/2024,642.7,41.3,9,5784
6054,06/09/2023,30/03/2024,1000.0,17.6,8,8000
6058,11/01/2024,11/03/2024,1275.0,36.1,2,2550
6062,04/10/2023,09/03/2024,1080.0,38.0,5,5400
6110,27/12/2023,13/03/2024,247.3,34.2,3,742
6138,28/02/2024,28/02/2024,9129.0,48.5,1,9129
6187,17/10/2023,04/12/2023,528.1,133.8,2,1056.2
6189,04/12/2023,12/03/2024,452.5,35.6,4,1810
6196,16/10/2023,22/03/2024,410.0,25.1,3,1230
6199,05/12/2023,05/12/2023,500.0,132.9,1,500
6201,09/09/2023,04/03/2024,337.4,43.0,9,3037
6233,09/10/2023,01/03/2024,939.5,45.9,6,5637
6241,16/11/2023,07/03/2024,100.6,40.3,12,1206.73
6265,15/03/2024,15/03/2024,2500.0,31.8,1,2500
6267,26/09/2023,17/01/2024,1800.0,90.5,3,5400
6281,11/10/2023,19/03/2024,3021.7,27.8,6,18130
6300,16/09/2023,07/03/2024,320.0,40.4,5,1600
6315,07/02/2024,12/02/2024,354.0,64.1,2,708
6320,08/09/2023,25/02/2024,1348.3,51.4,5,6741.63
6326,30/09/2023,12/03/2024,1825.0,34.9,4,7300
6353,02/09/2023,12/09/2023,294.5,216.8,2,589
6354,12/09/2023,11/02/2024,4996.7,65.0,3,14990
6357,02/09/2023,22/03/2024,1001.4,25.3,17,17023.34
6358,24/09/2023,31/03/2024,2085.0,16.2,2,4170
6375,26/03/2024,26/03/2024,1516.0,21.3,1,1516
6389,09/01/2024,22/03/2024,430.5,25.3,2,861.01
6394,18/12/2023,18/12/2023,400.0,120.4,1,400
6400,08/03/2024,24/03/2024,1520.3,22.8,4,6081
6403,18/02/2024,18/02/2024,3045.0,58.3,1,3045
6408,10/01/2024,24/03/2024,2956.8,22.9,8,23654
6422,19/02/2024,19/02/2024,115.0,57.1,1,115
6450,05/11/2023,06/02/2024,970.0,70.4,2,1940
6453,08/01/2024,08/01/2024,660.0,99.7,1,660
6456,04/09/2023,23/12/2023,120.0,114.8,3,360
6485,02/01/2024,02/01/2024,2500.0,105.2,1,2500
6487,13/09/2023,28/03/2024,566.2,19.0,5,2831
6500,12/10/2023,11/03/2024,625.0,36.5,4,2500
6520,03/12/2023,07/03/2024,99.0,40.3,4,396
6521,08/10/2023,06/01/2024,189.8,101.0,2,379.5
6541,22/11/2023,25/03/2024,2100.0,22.3,2,4200
6579,14/02/2024,14/02/2024,200.0,62.4,1,200
6593,18/02/2024,23/03/2024,3666.7,24.4,3,11000
6608,01/10/2023,25/12/2023,1019.6,113.4,5,5098
6610,26/09/2023,26/09/2023,1702.7,203.5,2,3405.44
6616,04/09/2023,27/03/2024,770.8,20.1,5,3854
6645,12/09/2023,31/03/2024,214.8,16.6,25,5370
6655,19/03/2024,20/03/2024,100.0,27.4,2,200
6660,07/02/2024,25/03/2024,500.0,21.9,2,1000
6672,11/12/2023,28/03/2024,1193.0,19.5,4,4772
6689,13/09/2023,09/03/2024,554.0,38.0,5,2770
6728,12/10/2023,12/10/2023,300.0,187.7,1,300
6732,06/11/2023,28/02/2024,610.0,47.8,5,3050
6735,30/11/2023,31/03/2024,1596.8,16.0,6,9581
6741,27/11/2023,25/01/2024,75.5,82.5,2,150.99
6768,11/09/2023,17/12/2023,346.6,121.0,3,1039.66
6793,24/09/2023,25/03/2024,1606.2,22.5,5,8031
6809,07/09/2023,26/03/2024,210.5,21.2,8,1684
6820,07/01/2024,04/03/2024,330.0,42.8,2,660
6824,14/09/2023,12/02/2024,545.8,64.0,10,5458
6828,13/09/2023,05/11/2023,399.0,163.5,2,798
6883,26/09/2023,21/03/2024,688.3,25.9,14,9635.51
6889,29/09/2023,31/03/2024,294.0,16.1,22,6468
6890,19/11/2023,19/11/2023,76.0,149.4,1,76
6906,20/09/2023,15/03/2024,4901.6,32.5,10,49015.71
6916,18/09/2023,15/03/2024,559.4,32.0,17,9510.52
6918,09/09/2023,01/01/2024,1200.4,106.0,4,4801.63
6937,10/09/2023,29/03/2024,455.0,18.5,2,910
6971,25/12/2023,16/02/2024,344.0,59.9,3,1032
6990,14/12/2023,14/12/2023,152.0,124.5,1,152
7008,12/11/2023,25/01/2024,5037.8,82.1,3,15113.51
7035,11/12/2023,26/02/2024,4500.0,50.5,16,72000
7036,09/10/2023,31/03/2024,307.9,15.8,8,2463.05
7040,03/10/2023,07/01/2024,1566.7,100.1,3,4700
7041,23/01/2024,17/02/2024,686.3,59.0,3,2059
7049,01/09/2023,20/03/2024,178.3,26.9,11,1961
7052,12/09/2023,10/11/2023,300.0,158.1,4,1200
7061,25/10/2023,11/03/2024,266.7,36.4,3,800
7062,26/09/2023,26/09/2023,510.0,202.9,1,510
7065,09/01/2024,11/03/2024,814.5,35.9,6,4887
7066,17/02/2024,17/02/2024,560.0,58.8,1,560
7078,20/03/2024,20/03/2024,620.0,27.1,1,620
7079,07/10/2023,12/03/2024,1534.3,35.6,7,10740
7080,27/09/2023,31/03/2024,271.4,16.4,7,1900
7083,10/11/2023,22/03/2024,268.3,25.5,5,1341.35
7104,09/10/2023,28/02/2024,1006.7,48.4,7,7047
7117,18/09/2023,26/03/2024,544.0,21.1,5,2720
7122,01/11/2023,12/01/2024,690.0,95.0,2,1380
7124,28/10/2023,10/02/2024,362.5,65.8,4,1450
7147,03/10/2023,31/03/2024,1088.2,16.2,11,11970
7174,09/01/2024,27/03/2024,519.1,20.5,4,2076.33
7207,29/09/2023,14/02/2024,359.8,62.4,4,1439
7228,28/01/2024,29/01/2024,2944.5,78.1,2,5889
7229,19/09/2023,05/11/2023,600.0,162.8,2,1200
7292,07/12/2023,07/12/2023,312.0,131.4,1,312
7307,25/01/2024,25/01/2024,500.0,81.9,1,500
7336,09/10/2023,08/11/2023,246.0,160.0,2,491.9
7387,06/09/2023,28/03/2024,489.3,19.5,7,3425
7403,15/10/2023,05/03/2024,274.4,42.4,5,1371.75
7464,10/03/2024,10/03/2024,115.0,37.4,1,115
7497,19/02/2024,15/03/2024,126.1,32.0,2,252.27
7508,20/03/2024,20/03/2024,3031.0,27.0,1,3031
7513,21/09/2023,19/02/2024,745.0,57.5,3,2235
7531,24/09/2023,09/03/2024,213.2,37.9,5,1066
7552,06/10/2023,06/10/2023,800.0,193.2,1,800
7584,10/09/2023,23/03/2024,330.6,24.0,13,4298
7614,01/09/2023,02/01/2024,800.0,105.0,3,2400
7652,07/12/2023,11/12/2023,4500.0,127.0,2,9000
7673,01/10/2023,14/03/2024,418.7,33.0,3,1256.06
7674,10/09/2023,10/09/2023,304.0,219.3,1,304
7677,12/11/2023,12/11/2023,310.0,156.5,1,310
7699,23/12/2023,07/02/2024,834.3,68.9,2,1668.69
7705,26/03/2024,26/03/2024,650.0,21.4,1,650
7722,22/10/2023,06/12/2023,146.9,132.5,3,440.6
7742,28/03/2024,28/03/2024,201.0,19.0,1,201
7744,09/10/2023,17/01/2024,414.3,90.4,3,1243
7751,05/11/2023,12/03/2024,243.3,35.0,3,730
7785,13/10/2023,05/02/2024,833.2,71.0,2,1666.3
7803,22/11/2023,26/03/2024,556.4,21.5,12,6677.09
7850,28/11/2023,28/11/2023,1000.0,140.5,1,1000
7851,05/10/2023,23/02/2024,1422.0,53.2,4,5688
7856,23/11/2023,22/03/2024,654.7,25.6,18,11784.2
7879,07/09/2023,23/02/2024,675.0,53.0,4,2700
7886,08/09/2023,17/02/2024,352.1,59.0,8,2817
7890,20/02/2024,05/03/2024,422.1,42.0,3,1266.16
7905,19/09/2023,29/03/2024,3850.6,18.2,7,26954
7914,26/09/2023,27/03/2024,264.5,19.9,10,2645
7916,22/01/2024,31/03/2024,750.0,16.4,2,1500
7926,21/09/2023,09/02/2024,3310.1,67.6,11,36410.67
7929,15/09/2023,05/03/2024,972.3,42.5,3,2917
7941,22/02/2024,22/02/2024,900.0,54.0,1,900
7952,10/09/2023,23/03/2024,294.3,24.4,4,1177
7972,11/12/2023,11/12/2023,797.0,127.1,1,797
7981,08/12/2023,22/03/2024,477.9,25.1,5,2389.6
7983,13/10/2023,22/12/2023,50.5,115.9,4,202
7990,23/02/2024,23/02/2024,762.0,53.4,1,762
8003,11/10/2023,17/10/2023,1000.0,182.0,2,2000
8008,23/01/2024,26/01/2024,7500.0,81.4,4,30000
8061,06/10/2023,16/01/2024,2100.0,91.4,5,10500
8065,16/10/2023,29/03/2024,1141.2,17.9,24,27388.8
8066,29/01/2024,08/03/2024,667.5,39.2,2,1335
8072,06/09/2023,10/02/2024,402.0,65.9,4,1608
8094,17/10/2023,13/11/2023,135.0,155.1,2,270
8105,11/09/2023,11/02/2024,231.3,65.2,3,694
8119,24/09/2023,25/03/2024,1553.0,22.3,4,6212
8140,17/09/2023,05/03/2024,2432.0,42.3,6,14592
8151,20/09/2023,07/01/2024,1333.3,99.9,6,8000
8160,08/09/2023,16/01/2024,1186.3,91.0,3,3559
8163,29/09/2023,09/01/2024,499.8,98.0,4,1999.01
8171,11/09/2023,24/12/2023,5924.8,114.6,5,29624
8179,16/09/2023,21/02/2024,2550.0,55.7,2,5100
8197,17/02/2024,17/02/2024,757.1,59.0,1,757.1
8215,23/09/2023,06/11/2023,930.7,162.0,3,2792
8216,04/10/2023,05/11/2023,99.5,163.4,2,199
8220,11/09/2023,16/10/2023,1319.8,182.8,4,5279
8273,02/09/2023,18/03/2024,570.4,29.4,10,5704.01
8300,16/10/2023,14/03/2024,683.1,32.9,8,5465
8306,20/12/2023,05/02/2024,750.0,71.0,3,2250
8315,07/09/2023,07/12/2023,450.0,131.3,2,900
8328,09/10/2023,09/10/2023,250.0,190.4,1,250
8329,15/10/2023,15/10/2023,500.0,184.0,1,500
8331,20/09/2023,13/12/2023,671.3,125.5,3,2014.04
8370,09/11/2023,15/11/2023,1250.0,153.0,2,2500
8389,10/09/2023,03/03/2024,172.5,44.5,6,1035
8398,13/12/2023,13/12/2023,2500.0,124.9,1,2500
8405,06/09/2023,06/09/2023,100.0,223.0,1,100
8413,26/09/2023,27/03/2024,1022.4,20.7,10,10224
8459,09/10/2023,24/03/2024,297.8,23.0,5,1489
8467,11/01/2024,30/01/2024,190.0,77.2,2,380
8488,05/09/2023,04/01/2024,763.0,103.1,5,3815.1
8499,17/02/2024,21/03/2024,2182.3,25.8,7,15276
8539,18/09/2023,24/12/2023,1031.5,114.1,4,4126
8546,08/03/2024,08/03/2024,4000.0,39.5,1,4000
8561,18/10/2023,30/03/2024,295.7,17.2,7,2069.85
8567,10/09/2023,09/02/2024,207.0,67.6,5,1035
8577,06/10/2023,30/03/2024,1136.5,17.5,2,2273
8585,25/10/2023,25/10/2023,700.0,174.0,1,700
8603,27/09/2023,16/03/2024,589.0,30.9,5,2945
8615,07/11/2023,07/11/2023,189.0,161.3,1,189.04
8629,08/09/2023,25/02/2024,2470.0,50.9,4,9880
8660,18/10/2023,06/01/2024,342.5,101.0,2,685
8663,06/11/2023,06/11/2023,250.0,162.2,1,250
8708,05/02/2024,08/03/2024,328.3,39.5,3,985
8709,03/12/2023,26/03/2024,408.2,20.9,4,1632.81
8716,25/09/2023,25/09/2023,250.0,203.9,2,500
8722,05/10/2023,05/10/2023,3000.0,193.9,1,3000
8742,07/09/2023,31/03/2024,432.4,16.5,11,4756
8751,18/10/2023,18/10/2023,920.0,181.5,1,920
8784,09/10/2023,09/10/2023,2000.0,190.0,1,2000
8790,24/03/2024,24/03/2024,1500.0,23.2,1,1500
8792,10/01/2024,13/02/2024,520.0,63.6,2,1040
8797,30/01/2024,30/01/2024,3000.0,77.4,1,3000
8828,17/10/2023,20/11/2023,1165.0,148.0,3,3495
8840,12/03/2024,12/03/2024,100.0,34.8,1,100
8853,14/09/2023,03/01/2024,1984.1,104.4,4,7936.3
8855,04/01/2024,16/02/2024,5525.0,60.2,2,11050
8865,02/09/2023,23/11/2023,1988.0,145.8,4,7952
8872,12/11/2023,22/12/2023,350.0,116.5,2,700
8889,28/02/2024,29/03/2024,68.3,18.3,2,136.66
8907,07/11/2023,16/03/2024,344.0,30.9,5,1720
8923,12/09/2023,01/02/2024,510.8,75.0,6,3065
8931,17/01/2024,17/01/2024,3001.0,90.5,1,3001
8939,03/09/2023,29/03/2024,628.4,18.1,10,6284
8951,14/12/2023,15/12/2023,4325.0,123.5,2,8650
8988,12/09/2023,24/03/2024,797.7,23.4,4,3190.94
8992,08/12/2023,23/12/2023,505.5,115.5,2,1011
9016,17/10/2023,17/10/2023,190.0,182.6,1,190
9023,05/10/2023,21/02/2024,315.0,54.9,2,630
9024,11/10/2023,19/11/2023,1703.4,149.5,5,8517
9041,09/03/2024,29/03/2024,422.5,18.6,2,845
9063,20/09/2023,25/03/2024,371.6,22.0,8,2973.06
9088,17/11/2023,05/03/2024,380.0,42.1,3,1140
9091,16/01/2024,01/03/2024,445.0,46.3,2,890
9118,26/09/2023,16/03/2024,314.8,31.4,6,1889
9120,21/12/2023,28/01/2024,149.7,78.8,3,449
9128,20/09/2023,09/01/2024,747.9,98.0,3,2243.8
9149,09/01/2024,09/01/2024,1000.0,98.1,1,1000
9188,06/02/2024,06/02/2024,1520.0,70.4,1,1520
9195,15/09/2023,07/02/2024,162.5,69.2,4,650
9212,03/10/2023,05/03/2024,7585.2,42.0,2,15170.3
9215,16/09/2023,16/03/2024,1379.9,31.4,8,11039
9223,16/02/2024,16/02/2024,500.0,60.3,1,500
9232,05/12/2023,05/12/2023,600.0,132.9,1,600
9239,31/12/2023,31/12/2023,380.0,107.5,1,380
9241,05/10/2023,05/03/2024,1161.6,42.3,5,5808
9247,05/02/2024,05/02/2024,230.0,71.0,1,230
9312,16/01/2024,20/03/2024,241.0,27.5,3,723
9340,15/10/2023,14/01/2024,514.8,93.5,4,2059
9365,04/10/2023,04/10/2023,600.0,195.1,1,600
9379,02/01/2024,02/01/2024,120.0,105.5,1,120
9402,12/10/2023,13/03/2024,305.3,33.8,3,916.03
9405,18/10/2023,18/10/2023,100.0,181.7,1,100
9412,11/10/2023,22/03/2024,619.2,25.1,10,6192
9423,29/12/2023,19/02/2024,1500.0,57.2,2,3000
9426,25/11/2023,20/03/2024,1665.0,26.9,4,6660
9429,11/09/2023,14/01/2024,1057.6,93.5,8,8461
9450,15/10/2023,12/12/2023,568.8,126.6,4,2275
9459,06/12/2023,21/03/2024,511.2,26.4,7,3578.24
9475,08/09/2023,27/01/2024,1465.7,80.1,3,4397
9519,19/11/2023,03/03/2024,3626.5,44.4,4,14506
9522,13/10/2023,13/10/2023,7533.3,186.2,3,22600
9530,23/03/2024,23/03/2024,5000.0,24.0,1,5000
9539,18/09/2023,16/03/2024,204.2,30.9,12,2450
9541,08/01/2024,07/02/2024,3835.0,69.5,2,7670
9542,30/10/2023,13/03/2024,304.0,34.1,2,608
9550,13/10/2023,20/03/2024,377.8,27.2,5,1889
9554,29/10/2023,09/03/2024,478.0,38.3,6,2868
9565,22/12/2023,14/02/2024,1829.2,62.1,4,7316.91
9569,06/02/2024,10/03/2024,1190.6,36.8,2,2381.1
9596,04/10/2023,08/12/2023,194.0,130.6,3,582
9601,27/09/2023,09/02/2024,7559.5,67.2,4,30237.8
9605,04/11/2023,13/03/2024,482.4,34.4,5,2412
9608,14/03/2024,14/03/2024,2000.0,33.1,1,2000
9633,15/10/2023,09/03/2024,1388.3,38.4,3,4165
9639,17/09/2023,22/03/2024,602.1,25.2,9,5419
9671,18/12/2023,18/12/2023,200.0,120.0,1,200
9680,27/12/2023,27/12/2023,2500.0,111.3,1,2500
9692,29/01/2024,20/02/2024,400.0,56.5,2,800
9728,26/09/2023,10/02/2024,479.5,66.6,4,1917.91
9739,16/09/2023,27/03/2024,313.4,19.9,8,2507.01
9761,26/01/2024,29/03/2024,1073.3,18.3,3,3220
9792,14/09/2023,03/02/2024,2558.0,73.1,5,12790
9795,29/01/2024,30/01/2024,2662.5,77.1,2,5325
9804,14/02/2024,14/02/2024,2000.0,62.4,1,2000
9826,18/10/2023,11/02/2024,1592.5,64.9,4,6370
9845,13/09/2023,13/09/2023,100.0,216.3,1,100
9854,05/09/2023,31/03/2024,677.5,15.9,5,3387.64
9855,04/02/2024,06/02/2024,3750.0,70.5,2,7500
9865,03/02/2024,28/03/2024,316.0,19.0,3,947.85
9962,06/10/2023,08/01/2024,696.7,99.3,3,2090
9964,09/10/2023,11/02/2024,3100.0,65.1,4,12400
9965,24/03/2024,24/03/2024,303.0,23.4,1,303.04
9978,28/10/2023,16/01/2024,2145.0,90.9,2,4290
10089,28/09/2023,31/03/2024,1104.1,15.9,13,14352.85
10118,04/02/2024,04/02/2024,478.5,72.0,2,957
10146,01/02/2024,28/03/2024,608.8,19.0,8,4870
10179,05/09/2023,05/09/2023,1800.0,224.4,1,1800
10185,05/10/2023,05/10/2023,40.0,193.8,1,40
10204,03/09/2023,03/09/2023,191.0,226.4,1,191
10212,21/09/2023,31/03/2024,1374.9,16.5,7,9624
10227,13/09/2023,10/11/2023,633.2,158.0,3,1899.73
10231,08/10/2023,30/03/2024,969.2,17.5,5,4846
10247,08/02/2024,08/02/2024,2657.0,68.0,1,2657
10291,04/12/2023,25/03/2024,780.0,22.8,2,1560
10308,03/10/2023,19/03/2024,2586.4,28.4,10,25863.65
10310,31/12/2023,31/12/2023,760.0,107.0,1,760
10314,12/09/2023,14/11/2023,366.7,154.5,3,1100.1
10325,19/02/2024,19/02/2024,840.0,57.3,1,840
10336,26/09/2023,15/03/2024,625.0,32.2,6,3750
10338,26/10/2023,09/11/2023,600.0,159.0,2,1200
10351,03/10/2023,16/02/2024,110.8,60.5,6,665
10386,12/12/2023,19/12/2023,3152.0,118.9,3,9456
10398,05/10/2023,21/02/2024,464.6,55.1,5,2323
10415,03/11/2023,04/03/2024,931.0,43.3,2,1862
10432,15/10/2023,29/03/2024,1811.1,18.3,9,16300
10493,07/09/2023,24/03/2024,666.0,23.0,8,5328
10497,14/03/2024,28/03/2024,391.0,19.4,2,782
10563,24/02/2024,24/02/2024,3000.0,51.8,1,3000
10581,13/09/2023,25/09/2023,5000.0,204.4,2,10000
10624,25/09/2023,12/01/2024,611.3,95.5,5,3056.73
10644,24/09/2023,23/02/2024,2600.4,53.1,5,13001.9
10646,15/10/2023,07/03/2024,384.0,39.9,2,768
10647,20/11/2023,02/01/2024,1182.5,105.4,2,2365
10649,02/01/2024,24/02/2024,490.0,51.8,3,1470
10652,27/02/2024,27/02/2024,2500.0,48.9,1,2500
10667,09/10/2023,29/03/2024,957.7,18.5,7,6704
10684,24/09/2023,11/03/2024,1500.0,36.0,4,6000
10685,12/09/2023,25/03/2024,361.8,22.5,12,4341
10699,27/09/2023,31/03/2024,1399.3,15.8,9,12593.4
10701,17/09/2023,08/02/2024,3918.2,68.2,11,43100
10712,21/12/2023,26/03/2024,194.0,20.9,3,582
10731,05/10/2023,23/01/2024,271.1,84.1,5,1355.4
10767,12/10/2023,02/01/2024,468.7,105.4,3,1406
10770,05/10/2023,28/03/2024,1660.0,19.0,2,3320
10783,11/10/2023,07/01/2024,1239.3,100.5,3,3718
10789,11/10/2023,23/01/2024,1202.3,84.0,3,3607
10835,03/01/2024,12/03/2024,400.0,35.1,2,800
10847,16/02/2024,16/02/2024,200.0,59.9,1,200
10862,25/09/2023,01/02/2024,379.3,75.6,5,1896.51
10874,13/10/2023,13/10/2023,518.0,186.2,1,518
10883,29/02/2024,19/03/2024,241.3,28.4,2,482.52
10903,10/12/2023,17/12/2023,675.0,121.0,2,1350
10911,12/11/2023,12/11/2023,114.0,156.4,1,114
10935,13/09/2023,28/02/2024,1852.1,48.5,8,14817
10961,16/09/2023,16/09/2023,800.0,213.5,1,800
10965,23/01/2024,23/01/2024,2280.0,84.3,1,2280
10971,23/02/2024,24/03/2024,365.0,23.0,3,1095
10973,09/11/2023,19/12/2023,284.0,118.9,2,568
10981,29/01/2024,11/03/2024,240.0,36.2,2,480
10993,03/11/2023,02/03/2024,3731.3,45.1,10,37313
11035,06/02/2024,27/03/2024,1000.0,19.8,2,2000
11036,02/09/2023,17/12/2023,1390.0,121.1,2,2780
11039,25/09/2023,25/09/2023,3000.0,204.5,1,3000
11051,07/10/2023,17/03/2024,216.9,30.4,11,2386
11055,13/09/2023,31/03/2024,1043.0,16.4,10,10430
11059,11/09/2023,08/03/2024,176.3,39.5,11,1939
11069,19/09/2023,25/01/2024,433.3,82.5,3,1300
11078,11/09/2023,17/03/2024,228.9,30.5,11,2518
11084,08/11/2023,17/11/2023,5000.0,150.9,2,10000
11132,17/09/2023,17/09/2023,4551.3,211.9,1,4551.32
11183,15/10/2023,06/03/2024,575.6,40.8,9,5180
11192,26/10/2023,04/02/2024,226.0,72.3,3,678
11210,19/09/2023,02/11/2023,3122.0,166.2,2,6244.04
11218,19/10/2023,30/01/2024,501.8,77.2,6,3011.06
11225,10/09/2023,26/03/2024,227.6,21.4,19,4324.9
11241,16/01/2024,23/01/2024,3915.9,84.6,3,11747.75
11258,06/11/2023,16/03/2024,724.7,31.4,3,2174
11267,05/09/2023,17/03/2024,2191.2,30.4,15,32868
11276,21/02/2024,21/02/2024,200.0,55.0,1,200
11280,13/03/2024,13/03/2024,500.0,34.2,1,500
11285,06/09/2023,09/01/2024,183.3,98.0,3,550
11289,02/09/2023,02/09/2023,3000.0,227.0,1,3000
11290,20/03/2024,20/03/2024,1000.0,27.6,1,1000
11297,25/11/2023,25/11/2023,50.0,143.3,1,50
11304,15/10/2023,15/10/2023,1490.0,184.4,1,1490
11317,05/10/2023,15/03/2024,671.7,31.9,9,6045
11323,14/09/2023,21/02/2024,2818.0,54.9,8,22544
11324,10/10/2023,22/03/2024,657.0,25.0,5,3285
11331,15/02/2024,15/02/2024,800.0,61.5,1,800
11368,14/09/2023,20/01/2024,215.0,87.1,2,430
11370,16/09/2023,17/03/2024,510.0,30.4,2,1020
11375,10/03/2024,29/03/2024,240.0,18.3,4,960
11380,15/09/2023,10/03/2024,1116.7,37.7,3,3350
11398,09/01/2024,09/01/2024,760.0,98.0,1,760
11400,10/10/2023,27/11/2023,4428.6,140.8,7,31000
11441,09/10/2023,23/12/2023,1054.0,115.2,4,4216
11453,10/09/2023,09/03/2024,4125.0,38.6,8,33000
11457,16/10/2023,09/03/2024,1069.5,38.1,4,4278
11460,05/10/2023,05/10/2023,1000.0,194.3,1,1000
11464,11/09/2023,16/12/2023,2138.6,122.3,11,23525
11484,06/10/2023,22/03/2024,178.3,25.1,7,1248
11486,13/09/2023,22/11/2023,220.0,146.2,2,440
11519,09/09/2023,01/03/2024,2600.0,46.4,5,13000
11529,23/10/2023,23/10/2023,250.0,176.1,1,250
11530,07/09/2023,11/09/2023,7572.5,218.5,2,15145
11548,11/10/2023,14/12/2023,2350.0,124.2,2,4700
11559,08/09/2023,08/09/2023,1150.0,221.3,1,1150
11577,30/09/2023,15/03/2024,736.5,32.5,13,9575
11583,09/09/2023,09/09/2023,76.0,220.0,1,76
11585,27/12/2023,27/12/2023,230.0,111.5,1,230
11590,14/10/2023,18/03/2024,1913.3,29.1,3,5740
11598,01/09/2023,11/03/2024,2548.6,36.1,7,17840.53
11607,01/09/2023,30/03/2024,814.5,17.2,13,10589
11666,18/10/2023,23/03/2024,418.7,24.2,9,3768
11688,12/09/2023,12/09/2023,250.0,217.6,1,250
11705,13/01/2024,13/01/2024,152.2,94.5,1,152.15
11708,18/09/2023,18/09/2023,3028.2,211.5,1,3028.24
11735,13/09/2023,06/03/2024,424.8,41.4,6,2549
11750,05/03/2024,05/03/2024,1335.0,42.5,1,1335
11766,28/10/2023,28/10/2023,205.0,170.9,1,205
11801,14/09/2023,02/01/2024,456.5,105.1,7,3195.3
11815,07/09/2023,20/03/2024,795.9,27.4,5,3979.63
11848,28/09/2023,17/10/2023,2753.3,182.5,3,8260
11892,17/09/2023,24/12/2023,3940.0,113.9,4,15760
11895,16/10/2023,03/01/2024,750.0,104.0,2,1500
11909,03/09/2023,30/03/2024,1834.7,17.0,9,16512.25
11916,31/01/2024,08/03/2024,539.5,39.3,2,1079
11994,29/10/2023,20/01/2024,1207.5,87.3,2,2415
12002,26/10/2023,26/10/2023,200.0,172.9,1,200
12010,21/02/2024,20/03/2024,129.7,27.4,3,389
12101,09/10/2023,24/03/2024,577.4,23.4,8,4619
12111,20/09/2023,18/03/2024,1322.3,29.5,10,13222.58
12118,28/09/2023,23/03/2024,556.3,24.1,6,3338.04
12152,11/09/2023,15/02/2024,940.9,61.6,11,10350
12159,10/12/2023,02/02/2024,1517.0,74.3,2,3034
12163,20/09/2023,22/03/2024,1915.5,25.0,11,21070.6
12306,26/10/2023,25/02/2024,6375.0,50.9,4,25500
12321,24/01/2024,29/03/2024,164.3,18.4,6,986
12326,16/01/2024,19/02/2024,1637.5,56.8,2,3275
12338,18/09/2023,18/03/2024,53.1,29.1,7,371.67
12344,11/01/2024,11/01/2024,6000.0,96.5,1,6000
12398,04/10/2023,04/10/2023,2000.0,195.4,1,2000
12506,29/12/2023,29/12/2023,2500.0,109.3,1,2500
12536,28/01/2024,28/01/2024,400.0,79.4,1,400
12579,02/10/2023,08/01/2024,4217.4,99.0,5,21087
12617,09/11/2023,27/11/2023,208.0,141.7,2,415.9
12626,22/03/2024,22/03/2024,100.0,25.0,1,100
12689,17/11/2023,17/11/2023,500.0,151.7,1,500
12697,29/10/2023,19/11/2023,964.7,149.0,3,2894
12745,21/09/2023,07/12/2023,2084.7,131.3,3,6254
12747,06/11/2023,29/01/2024,1000.0,78.0,2,2000
12758,22/10/2023,27/11/2023,256.5,140.8,3,769.4
12766,27/10/2023,27/10/2023,7000.0,172.0,1,7000
12775,26/02/2024,09/03/2024,650.5,38.0,2,1301
12800,08/02/2024,09/02/2024,7589.5,67.0,2,15179
12816,16/02/2024,16/02/2024,7550.0,60.4,1,7550
12840,03/10/2023,02/01/2024,1341.2,105.1,9,12071
12854,06/12/2023,01/03/2024,336.0,46.5,5,1680
12887,05/09/2023,29/01/2024,457.1,78.0,7,3200
12889,25/09/2023,04/10/2023,6258.5,195.0,3,18775.6
12985,12/02/2024,26/03/2024,3800.0,21.3,6,22800
12996,20/10/2023,25/02/2024,242.8,51.5,4,971
13002,14/10/2023,08/03/2024,126.0,39.6,6,756
13079,15/09/2023,28/03/2024,274.4,19.3,9,2470
13093,21/01/2024,21/01/2024,9999.0,86.0,1,9999
13169,04/02/2024,04/02/2024,38.1,72.3,1,38.1
13194,18/03/2024,18/03/2024,774.0,29.3,2,1548
13197,13/11/2023,13/02/2024,315.0,62.9,4,1260
13207,10/09/2023,24/03/2024,569.8,23.3,21,11965
13211,23/01/2024,23/01/2024,264.0,84.0,1,264
13350,11/10/2023,26/01/2024,571.7,81.4,3,1715
13388,19/10/2023,14/12/2023,206.7,124.5,3,620
13400,16/10/2023,01/01/2024,399.8,106.4,4,1599
13516,19/02/2024,11/03/2024,656.7,35.9,3,1970
13530,08/11/2023,13/11/2023,221.0,155.3,2,442
13558,29/03/2024,29/03/2024,1200.0,18.4,1,1200
13657,18/10/2023,20/02/2024,1053.0,56.4,5,5265
13662,02/11/2023,04/02/2024,1940.3,72.0,4,7761.36
13664,26/10/2023,26/03/2024,453.0,21.1,6,2718
13725,18/03/2024,18/03/2024,2000.0,29.1,1,2000
13743,29/01/2024,03/02/2024,147.5,73.4,2,295
13783,04/03/2024,04/03/2024,152.2,43.0,1,152.21
13789,21/03/2024,27/03/2024,658.0,20.0,2,1315.91
13810,30/09/2023,07/03/2024,400.0,40.0,5,2000
13824,30/11/2023,16/02/2024,2266.7,60.5,3,6800
13839,24/01/2024,10/02/2024,2479.0,66.2,2,4958
13843,20/09/2023,31/03/2024,1700.0,16.2,4,6800
13851,20/09/2023,26/03/2024,514.5,21.4,6,3087
13853,12/11/2023,18/02/2024,1000.5,58.4,2,2001
13859,12/01/2024,27/02/2024,613.8,49.4,4,2455
13898,11/03/2024,11/03/2024,1525.0,36.0,1,1525
13900,21/09/2023,25/11/2023,730.8,143.0,4,2923
13910,15/10/2023,20/10/2023,7500.0,179.4,2,15000
13918,14/11/2023,30/03/2024,1547.0,17.5,6,9282
13933,01/09/2023,29/12/2023,2028.0,108.9,2,4056
13939,09/09/2023,15/02/2024,994.3,61.4,3,2983
13969,30/11/2023,27/02/2024,1266.7,49.5,3,3799.99
13971,23/02/2024,27/02/2024,275.0,49.4,2,550
13980,01/10/2023,22/03/2024,500.0,25.5,7,3500
13991,11/12/2023,05/02/2024,1170.2,71.0,3,3510.58
14007,10/10/2023,27/03/2024,1515.0,20.4,4,6060
16165,04/10/2023,04/10/2023,398.0,195.4,1,398
16211,27/10/2023,29/02/2024,165.0,47.5,2,330
16268,26/09/2023,01/03/2024,1198.4,45.9,8,9587
16300,12/10/2023,04/03/2024,775.0,42.9,4,3100
16338,14/10/2023,14/10/2023,6500.0,185.3,1,6500
16383,28/09/2023,08/03/2024,116.2,38.8,9,1046
16396,15/10/2023,15/10/2023,800.0,183.9,1,800
16424,26/12/2023,26/12/2023,3793.0,112.4,1,3793
16467,18/10/2023,18/10/2023,700.0,181.6,1,700
16495,01/10/2023,27/03/2024,450.0,20.2,6,2700
16596,08/09/2023,15/03/2024,207.4,32.6,5,1037
16640,25/09/2023,28/03/2024,204.2,19.2,6,1225
16661,15/09/2023,15/03/2024,580.0,32.1,7,4060
16693,16/10/2023,11/12/2023,1445.0,126.8,2,2890
16696,13/09/2023,16/03/2024,923.8,31.6,4,3695.32
16727,16/10/2023,08/03/2024,1316.5,39.5,6,7899
16823,05/01/2024,05/01/2024,1506.9,101.9,1,1506.94
16831,15/09/2023,17/03/2024,377.6,29.9,7,2643
16878,13/10/2023,17/02/2024,4700.0,59.4,2,9400
16897,04/01/2024,04/01/2024,608.0,103.4,1,608
16912,15/01/2024,15/01/2024,190.3,92.5,1,190.26
16927,27/11/2023,02/01/2024,961.7,105.4,3,2885
16968,17/02/2024,25/02/2024,1140.0,51.3,2,2280
16997,06/03/2024,06/03/2024,1000.0,41.0,1,1000
17044,26/09/2023,15/03/2024,1038.3,31.9,6,6230
17055,18/09/2023,10/03/2024,329.4,36.9,24,7906.63
17093,05/11/2023,23/11/2023,570.0,145.5,3,1710
17102,12/03/2024,12/03/2024,1500.0,35.4,1,1500
17132,23/10/2023,23/10/2023,1350.0,176.3,1,1350
17204,04/09/2023,17/03/2024,2847.9,29.9,7,19935
17235,01/10/2023,29/03/2024,502.9,18.4,14,7040.14
17237,01/10/2023,01/10/2023,950.0,198.5,1,950
17252,10/01/2024,10/01/2024,50.0,97.6,1,50
17256,20/09/2023,20/09/2023,3000.0,209.4,1,3000
17304,14/03/2024,14/03/2024,1000.0,32.9,1,1000
17366,12/10/2023,29/03/2024,625.0,18.5,4,2500
17400,18/12/2023,18/12/2023,152.0,120.0,1,152
17411,10/12/2023,10/12/2023,779.0,128.0,1,779
17413,28/09/2023,28/09/2023,500.0,201.4,1,500
17424,17/02/2024,17/02/2024,1000.0,59.4,1,1000
17433,20/01/2024,20/01/2024,1000.0,87.5,1,1000
17434,20/09/2023,19/02/2024,428.6,57.4,7,3000
17475,05/02/2024,05/02/2024,1150.0,71.2,1,1150
17480,28/09/2023,27/03/2024,274.9,19.9,8,2199.28
17509,29/09/2023,29/09/2023,300.0,200.0,1,300
17516,16/10/2023,16/10/2023,80.0,182.9,1,80
17579,02/10/2023,04/03/2024,432.2,43.4,6,2593
17586,13/10/2023,18/03/2024,766.2,29.0,5,3831
17609,21/03/2024,21/03/2024,3038.0,26.3,1,3038
17642,13/11/2023,07/01/2024,1632.1,100.2,4,6528.5
17665,13/02/2024,13/02/2024,200.0,63.3,1,200
17668,17/12/2023,20/02/2024,1397.5,56.6,2,2795
17712,25/02/2024,25/02/2024,2000.0,50.9,1,2000
17745,29/09/2023,23/03/2024,927.2,24.0,15,13908
17749,21/09/2023,21/09/2023,250.0,208.4,1,250
17761,31/03/2024,31/03/2024,1100.0,16.4,2,2200
17817,20/09/2023,20/09/2023,300.0,209.2,1,300
17824,12/10/2023,18/03/2024,495.0,29.0,3,1485
17825,08/09/2023,18/12/2023,1000.0,120.0,2,2000
17839,20/10/2023,10/11/2023,90.0,158.5,3,269.9
17843,20/09/2023,28/03/2024,630.4,19.5,9,5674
17858,17/09/2023,02/12/2023,333.0,136.0,5,1665
17885,11/10/2023,31/10/2023,5199.5,168.5,2,10399
17891,03/10/2023,31/01/2024,1757.5,76.0,2,3515
17899,17/01/2024,17/01/2024,200.0,90.5,1,200
17926,06/10/2023,11/03/2024,2622.9,36.4,7,18360
17954,03/09/2023,12/02/2024,414.9,63.8,7,2904
17956,08/10/2023,08/10/2023,700.0,190.9,1,700
17967,07/10/2023,25/03/2024,1401.4,22.3,7,9810
18014,26/03/2024,26/03/2024,1000.0,21.5,1,1000
18088,03/03/2024,03/03/2024,5000.0,44.5,1,5000
18105,20/09/2023,07/01/2024,289.0,99.8,2,578
18143,05/01/2024,05/01/2024,7500.0,102.1,1,7500
18219,10/09/2023,20/11/2023,930.3,148.3,3,2791
18239,25/09/2023,18/02/2024,137.5,58.0,4,550
18252,06/10/2023,06/10/2023,7600.0,193.4,1,7600
18292,04/09/2023,31/03/2024,1566.7,16.5,6,9400
18295,15/10/2023,28/03/2024,324.5,19.4,9,2920.69
18304,06/09/2023,27/03/2024,2068.8,20.0,8,16550
18318,11/09/2023,27/03/2024,315.5,20.0,30,9466.31
18321,13/09/2023,21/02/2024,872.1,55.2,7,6105
18338,04/10/2023,29/03/2024,133.3,18.3,6,800
18341,12/03/2024,24/03/2024,1000.0,23.2,2,2000
18358,20/09/2023,19/01/2024,833.3,88.3,3,2500
18360,29/12/2023,31/03/2024,419.7,15.9,3,1259
18369,10/09/2023,20/03/2024,435.0,27.2,8,3480
18416,20/09/2023,20/09/2023,500.0,209.3,1,500
18428,15/10/2023,10/11/2023,264.7,158.5,2,529.4
18552,13/09/2023,24/03/2024,860.7,22.9,9,7746
18556,05/10/2023,23/03/2024,614.3,24.3,7,4300
18564,10/01/2024,07/03/2024,130.0,39.9,3,390
18603,18/09/2023,12/03/2024,779.4,35.5,10,7793.68
18671,01/10/2023,27/12/2023,821.8,110.9,7,5752.69
18677,08/09/2023,31/03/2024,1525.7,16.4,7,10680
18681,06/12/2023,06/12/2023,760.0,132.4,2,1520
18700,06/10/2023,23/01/2024,342.5,84.0,2,685
18712,30/12/2023,30/12/2023,600.0,107.8,1,600
18730,15/01/2024,15/01/2024,150.0,92.0,1,150
18756,16/01/2024,16/01/2024,550.0,91.2,1,550
18765,13/09/2023,08/03/2024,4166.7,39.1,6,25000
18788,21/01/2024,21/01/2024,400.0,86.4,1,400
18790,07/10/2023,15/03/2024,748.7,32.0,5,3743.5
18811,15/09/2023,03/03/2024,720.7,44.6,10,7207
18849,06/09/2023,15/03/2024,1412.5,31.9,4,5650
18898,08/02/2024,13/03/2024,555.5,34.5,2,1111
18930,13/11/2023,13/11/2023,100.0,155.0,1,100
18954,20/02/2024,20/02/2024,494.0,56.4,1,494
18970,19/09/2023,18/03/2024,1150.0,29.4,10,11500
19062,08/02/2024,08/02/2024,500.0,67.9,1,500
19063,13/03/2024,13/03/2024,997.0,34.3,1,997
19075,22/11/2023,12/03/2024,1362.5,35.1,4,5450
19108,06/12/2023,14/03/2024,1000.0,33.4,2,2000
19166,14/01/2024,28/03/2024,4215.7,19.5,11,46373
19315,17/09/2023,26/02/2024,640.2,50.4,5,3201
19328,30/09/2023,03/02/2024,1066.8,73.0,4,4267
19361,26/09/2023,09/03/2024,443.0,38.1,3,1329
19381,12/09/2023,06/11/2023,1000.0,162.0,2,2000
19412,09/01/2024,12/02/2024,2622.0,64.0,3,7866
19413,09/10/2023,12/03/2024,817.0,35.1,5,4085
19421,24/11/2023,24/11/2023,9500.0,144.5,1,9500
19503,16/10/2023,10/11/2023,1950.0,158.7,4,7800
19507,09/11/2023,14/03/2024,460.0,33.5,5,2300
19531,07/10/2023,12/12/2023,849.3,126.0,6,5096.01
19545,14/11/2023,14/11/2023,1000.0,154.1,1,1000
19555,08/09/2023,17/03/2024,571.4,30.6,7,4000
19565,05/09/2023,15/03/2024,563.1,32.2,14,7883.52
19576,05/09/2023,29/03/2024,480.7,18.4,16,7691.4
19589,19/01/2024,19/01/2024,1512.0,87.9,1,1512
19595,07/02/2024,27/02/2024,7550.0,49.5,2,15100
19596,22/09/2023,20/03/2024,288.0,27.3,7,2016
19612,01/01/2024,01/01/2024,76.0,106.0,1,76
19704,03/09/2023,04/12/2023,501.0,134.3,4,2004
19710,17/09/2023,17/03/2024,728.7,30.0,7,5101
19715,10/02/2024,10/02/2024,3000.0,66.5,1,3000
19789,02/10/2023,15/03/2024,1000.0,32.4,5,5000
19805,25/11/2023,23/03/2024,84.3,24.1,3,253
19807,13/09/2023,26/02/2024,989.0,49.9,4,3956
19813,06/09/2023,17/03/2024,206.0,30.0,24,4945.12
19850,10/11/2023,25/12/2023,270.8,113.1,4,1083
19882,26/09/2023,15/01/2024,7563.3,92.1,3,22690
19889,05/09/2023,02/03/2024,422.6,45.6,5,2113
19966,28/11/2023,13/02/2024,554.0,63.1,7,3878
20033,08/09/2023,08/09/2023,100.0,221.4,1,100
20054,01/12/2023,24/03/2024,5250.0,23.4,3,15750
20056,25/09/2023,24/03/2024,816.7,22.9,6,4900
20058,12/10/2023,21/03/2024,240.3,26.1,6,1442
20081,10/11/2023,10/11/2023,400.0,158.1,1,400
20101,16/10/2023,16/10/2023,250.0,183.4,1,250
20109,13/10/2023,13/10/2023,1000.0,185.9,1,1000
20153,16/02/2024,16/02/2024,607.0,60.2,1,607
20173,05/09/2023,13/10/2023,856.5,186.5,2,1713
20200,20/09/2023,24/09/2023,1000.0,205.0,3,3000
20207,25/11/2023,25/11/2023,7200.0,143.4,1,7200
20223,03/10/2023,03/10/2023,79.0,196.1,1,79
20242,03/11/2023,18/03/2024,1101.5,29.1,4,4406
20254,12/02/2024,12/02/2024,759.0,64.4,1,759
20293,16/10/2023,20/10/2023,1500.0,179.4,2,3000
20304,08/09/2023,25/03/2024,2629.3,22.1,7,18405
20321,12/09/2023,11/03/2024,203.0,36.2,4,812
20337,21/11/2023,25/01/2024,5000.0,82.4,2,10000
20355,13/12/2023,13/12/2023,241.7,125.0,1,241.7
20415,29/12/2023,31/03/2024,2652.7,15.9,2,5305.31
20422,28/11/2023,24/03/2024,2521.0,23.1,2,5042
20455,14/11/2023,14/11/2023,1513.0,154.3,1,1513
20464,10/11/2023,10/11/2023,760.0,158.5,1,760
20476,04/10/2023,02/03/2024,225.0,45.5,4,900
20518,29/02/2024,29/02/2024,761.0,46.8,1,761.04
20521,09/11/2023,29/03/2024,636.7,18.3,6,3820
20537,10/09/2023,12/03/2024,165.3,34.9,8,1322.54
20545,10/10/2023,19/11/2023,150.4,149.5,3,451.24
20607,08/11/2023,08/11/2023,710.0,160.3,1,710
20620,20/09/2023,14/03/2024,975.0,33.5,4,3900
20640,15/09/2023,23/02/2024,1417.6,53.4,11,15594
20652,02/03/2024,02/03/2024,230.0,45.5,1,230
20667,08/01/2024,08/01/2024,195.0,99.1,1,195
20683,02/09/2023,08/10/2023,6604.3,191.2,5,33021.5
20688,03/11/2023,15/02/2024,1857.1,61.1,7,13000
20794,10/09/2023,11/11/2023,329.3,157.5,6,1976
20855,04/09/2023,14/03/2024,405.2,33.0,10,4052
20869,04/12/2023,29/03/2024,128.9,18.2,10,1288.51
20892,05/12/2023,27/03/2024,2936.0,20.1,6,17616.18
20922,06/12/2023,06/12/2023,567.0,132.0,1,567
20949,21/11/2023,21/11/2023,500.0,147.1,1,500
20954,13/09/2023,14/10/2023,153.8,185.4,4,615
21087,24/03/2024,24/03/2024,500.0,22.9,1,500
21124,28/11/2023,28/11/2023,1000.0,140.0,1,1000
21169,24/01/2024,29/03/2024,557.0,18.3,4,2227.9
21184,11/09/2023,10/02/2024,690.0,66.5,4,2760
21209,24/09/2023,24/09/2023,5000.0,204.9,1,5000
21251,09/10/2023,27/03/2024,195.2,20.3,7,1366.51
21307,16/10/2023,16/10/2023,1500.0,182.9,1,1500
21325,18/11/2023,16/01/2024,201.2,91.0,6,1207.19
21422,10/01/2024,16/03/2024,2418.5,31.4,2,4837.01
21428,15/01/2024,15/01/2024,350.0,92.0,1,350
21459,25/01/2024,26/02/2024,925.0,50.1,2,1850
21495,24/01/2024,06/02/2024,479.0,70.1,2,958
21531,18/02/2024,18/02/2024,750.0,58.0,1,750
21540,05/11/2023,24/12/2023,787.3,114.3,3,2362
21572,25/02/2024,22/03/2024,1300.0,25.5,2,2600
21581,03/09/2023,12/03/2024,213.3,35.3,3,640
21630,20/09/2023,20/09/2023,338.6,209.4,2,677.29
21647,08/09/2023,24/11/2023,2094.0,144.4,2,4188
21713,02/10/2023,02/10/2023,3500.0,197.5,1,3500
21727,05/12/2023,16/03/2024,708.3,31.0,6,4250
21728,15/09/2023,12/03/2024,250.0,34.9,8,2000
21824,09/11/2023,09/11/2023,1900.0,159.2,1,1900
21829,13/03/2024,13/03/2024,500.0,33.9,1,500
21847,11/09/2023,28/03/2024,711.6,19.3,8,5693
21874,07/10/2023,23/03/2024,1340.0,24.1,5,6700
21910,26/09/2023,26/09/2023,4162.0,203.2,1,4162
21938,02/10/2023,31/01/2024,213.7,76.0,9,1923
21986,08/02/2024,08/02/2024,2300.0,68.4,1,2300
22041,05/12/2023,23/03/2024,3000.0,24.4,3,9000
22047,19/10/2023,16/02/2024,460.0,59.9,5,2300
22101,18/11/2023,16/03/2024,466.0,31.0,5,2330
22141,08/12/2023,08/12/2023,2999.0,130.4,1,2999
22154,15/10/2023,15/10/2023,200.0,184.1,2,400
22155,10/11/2023,12/02/2024,152.0,64.0,2,304
22172,14/10/2023,21/02/2024,756.8,55.5,6,4541
22176,23/09/2023,22/03/2024,1111.1,25.5,9,10000
22216,15/10/2023,15/10/2023,1000.0,184.0,1,1000
22270,11/10/2023,11/10/2023,1500.0,188.0,1,1500
22274,16/10/2023,10/02/2024,1933.5,66.0,5,9667.31
22328,18/10/2023,22/03/2024,575.0,25.2,2,1150
22336,14/10/2023,19/02/2024,800.0,57.3,5,4000
22345,04/12/2023,04/12/2023,1000.0,134.4,1,1000
22348,06/09/2023,21/02/2024,633.3,55.1,3,1900
22378,29/09/2023,11/03/2024,1742.0,36.3,5,8710
22380,05/11/2023,20/03/2024,2266.7,27.0,6,13600
22420,08/10/2023,01/03/2024,503.3,46.4,6,3020
22433,06/10/2023,31/03/2024,1029.0,16.4,6,6174
22435,12/01/2024,12/01/2024,2400.0,95.4,1,2400
22465,11/12/2023,16/03/2024,1998.5,31.4,4,7994
22478,21/09/2023,30/03/2024,480.9,17.1,7,3366.51
22480,20/11/2023,06/12/2023,4733.3,132.5,3,14200
22490,10/10/2023,10/10/2023,379.0,189.1,1,379
22543,02/09/2023,16/03/2024,786.8,31.5,4,3147
22567,23/10/2023,26/03/2024,2000.0,21.2,3,6000
22615,08/09/2023,26/03/2024,590.9,21.0,11,6500
22657,04/09/2023,29/02/2024,573.8,47.1,8,4590
22748,15/09/2023,14/03/2024,616.4,32.9,3,1849.3
22784,17/01/2024,17/01/2024,114.0,90.3,1,114
22802,11/10/2023,11/10/2023,1000.0,188.0,1,1000
22803,01/09/2023,03/03/2024,878.9,44.3,16,14063
22817,22/01/2024,22/01/2024,1141.0,85.4,1,1141
22847,31/01/2024,31/01/2024,350.0,75.9,1,350
22859,06/09/2023,06/03/2024,466.7,41.1,3,1400
22867,08/11/2023,11/03/2024,2750.0,36.4,2,5500
22884,11/02/2024,11/02/2024,500.0,64.9,1,500
22891,14/09/2023,18/03/2024,404.7,29.5,7,2833
22903,09/11/2023,09/11/2023,1900.0,159.6,1,1900
22912,07/09/2023,01/02/2024,666.7,75.5,3,2000
22916,04/10/2023,04/10/2023,760.0,195.4,1,760
22933,21/09/2023,06/03/2024,171.0,40.9,2,342
22963,18/12/2023,18/12/2023,10.0,119.8,1,10
23003,21/02/2024,23/02/2024,1050.3,53.2,4,4201
23011,06/09/2023,21/02/2024,2000.0,55.2,3,6000
23042,05/10/2023,13/10/2023,750.0,186.3,2,1500
23083,07/01/2024,07/01/2024,460.0,99.9,1,460
23120,18/11/2023,29/03/2024,1514.5,18.4,2,3029
23121,04/10/2023,28/03/2024,666.7,19.0,3,2000
23127,29/09/2023,29/02/2024,666.0,47.4,4,2664
23136,29/12/2023,18/01/2024,3048.5,89.5,2,6097
23163,08/09/2023,29/02/2024,154.7,46.8,4,618.66
23172,04/03/2024,04/03/2024,150.0,42.8,1,150
23185,08/11/2023,16/03/2024,4436.4,31.1,5,22182
23235,19/09/2023,15/03/2024,1000.5,32.3,6,6003
23260,03/09/2023,24/01/2024,523.4,83.2,3,1570.1
23265,28/09/2023,01/03/2024,252.4,46.1,7,1767
23285,07/09/2023,15/03/2024,164.5,32.0,2,329
23296,04/10/2023,02/03/2024,281.7,45.3,6,1690
23336,15/03/2024,15/03/2024,500.0,32.0,1,500
23359,08/10/2023,08/10/2023,997.0,191.5,1,997
23361,05/10/2023,04/03/2024,801.5,43.4,2,1603
23382,10/02/2024,10/02/2024,152.0,66.0,1,152
23398,01/03/2024,01/03/2024,190.3,46.4,1,190.26
23422,08/02/2024,31/03/2024,566.7,16.0,3,1700
23441,06/09/2023,31/12/2023,356.4,107.5,5,1782
23463,21/02/2024,21/02/2024,7000.0,55.3,1,7000
23528,12/10/2023,23/02/2024,580.5,53.5,10,5805.01
23570,08/11/2023,01/03/2024,1889.3,46.4,5,9446.73
23576,02/09/2023,12/03/2024,803.5,35.4,11,8838.01
23600,12/09/2023,30/12/2023,835.0,108.5,4,3340
23604,19/09/2023,28/02/2024,116.7,48.0,6,700
23691,13/10/2023,31/03/2024,267.5,16.2,2,535
23725,13/02/2024,13/02/2024,5000.0,63.3,1,5000
23735,17/09/2023,17/09/2023,7500.0,212.2,2,15000
23780,24/09/2023,18/02/2024,728.0,58.4,4,2912
23795,26/03/2024,26/03/2024,100.0,20.9,1,100
23811,14/09/2023,31/03/2024,2553.4,16.3,20,51067
23828,31/01/2024,28/03/2024,300.8,19.3,9,2707.07
23887,14/09/2023,25/03/2024,591.0,22.4,10,5910
23890,13/02/2024,13/02/2024,1220.0,63.0,1,1220
23901,14/10/2023,22/03/2024,481.1,25.6,7,3368
23909,03/11/2023,16/11/2023,683.3,152.5,3,2050
24007,29/12/2023,29/12/2023,759.0,109.1,1,759
24024,11/09/2023,08/10/2023,149.3,191.4,3,448
24052,11/09/2023,06/02/2024,2038.0,70.3,6,12228
24061,24/11/2023,21/03/2024,502.3,26.2,17,8539
24129,13/11/2023,13/11/2023,76.0,155.2,1,76
24146,07/09/2023,26/02/2024,226.4,50.0,7,1585
24267,03/11/2023,03/11/2023,1515.0,165.4,1,1515
24272,03/02/2024,03/02/2024,997.0,73.0,1,997.01
24344,06/09/2023,13/03/2024,1242.9,34.2,7,8700
24362,04/10/2023,04/10/2023,2000.0,194.8,1,2000
24387,11/09/2023,02/01/2024,333.3,105.5,3,1000
24391,18/01/2024,18/01/2024,3200.0,89.5,1,3200
24435,20/11/2023,15/03/2024,2863.3,32.4,4,11453
24482,23/02/2024,23/02/2024,500.0,52.9,1,500
24500,09/11/2023,29/12/2023,850.0,109.2,2,1700
24502,15/01/2024,15/01/2024,800.0,92.4,1,800
24533,02/10/2023,10/03/2024,1900.0,37.3,6,11400
24536,17/10/2023,02/03/2024,6031.5,44.9,2,12063
24556,18/03/2024,18/03/2024,320.0,29.3,1,320
24585,18/09/2023,14/11/2023,379.0,154.1,2,758.08
24611,13/09/2023,15/10/2023,232.5,184.4,2,465
24622,07/12/2023,27/12/2023,1683.3,110.9,3,5050
24636,10/01/2024,26/01/2024,3666.0,81.0,3,10998
24641,19/09/2023,19/09/2023,10000.0,210.0,1,10000
24647,07/09/2023,28/02/2024,777.8,48.2,9,7000
24669,15/10/2023,17/02/2024,1534.9,59.0,2,3069.8
24683,03/09/2023,22/02/2024,502.6,53.9,7,3518
24694,11/09/2023,05/03/2024,768.5,42.5,2,1537
24729,03/09/2023,29/03/2024,327.5,18.5,19,6222
24800,07/09/2023,29/02/2024,4177.0,47.0,4,16708
24873,12/12/2023,10/01/2024,460.0,97.0,2,920
24919,20/10/2023,20/10/2023,1500.0,179.2,1,1500
24954,06/09/2023,23/03/2024,251.3,23.9,3,754
24998,10/10/2023,24/02/2024,476.3,52.2,4,1905
25034,09/01/2024,09/01/2024,500.0,98.7,1,500
25114,25/01/2024,16/02/2024,1750.0,59.9,2,3500
25145,12/09/2023,26/03/2024,392.0,21.1,5,1960
25180,28/09/2023,23/03/2024,264.8,24.5,8,2118.42
25223,11/09/2023,14/02/2024,4500.0,62.5,5,22500
25242,21/01/2024,26/02/2024,1042.5,50.5,2,2085
25347,30/09/2023,11/02/2024,916.7,64.9,3,2750
25396,11/09/2023,28/03/2024,163.8,19.7,16,2620.6
25433,15/09/2023,19/10/2023,333.3,180.2,3,1000
25459,06/09/2023,07/03/2024,435.3,40.5,7,3047
25467,19/01/2024,14/03/2024,300.0,32.9,3,900
25490,20/02/2024,20/02/2024,500.0,55.9,1,500
25508,24/11/2023,10/03/2024,116.7,37.2,3,350
25523,11/09/2023,29/01/2024,150.0,78.2,5,750
25566,16/10/2023,12/03/2024,942.1,35.5,8,7537
25609,28/09/2023,21/01/2024,1176.5,86.5,4,4706.01
25618,26/02/2024,26/02/2024,495.0,49.9,1,495
25641,25/10/2023,07/02/2024,392.3,69.5,3,1177
25667,25/09/2023,04/03/2024,963.3,43.0,6,5780
25672,30/12/2023,21/01/2024,1000.0,86.0,2,2000
25677,27/02/2024,27/02/2024,800.0,49.4,1,800
25717,26/02/2024,26/02/2024,3900.0,50.0,1,3900
25735,25/09/2023,12/11/2023,433.3,156.5,3,1300
25771,03/10/2023,05/03/2024,1338.5,41.8,6,8031.05
25808,01/03/2024,27/03/2024,500.0,20.4,2,1000
25835,01/02/2024,01/02/2024,2283.0,75.2,1,2283
25895,28/09/2023,28/03/2024,1626.4,19.1,7,11385
25942,20/11/2023,20/11/2023,4000.0,148.7,1,4000
25989,17/03/2024,17/03/2024,600.0,30.4,1,600
26026,22/09/2023,05/10/2023,312.5,194.5,2,625
26033,11/09/2023,23/09/2023,569.7,205.9,2,1139.45
26038,30/10/2023,18/03/2024,1007.8,29.3,5,5039.14
26114,03/03/2024,17/03/2024,1881.0,30.4,2,3762
26131,10/10/2023,05/03/2024,1000.0,41.9,3,3000
26152,01/03/2024,01/03/2024,192.0,46.4,1,192
26160,21/01/2024,21/01/2024,1000.0,85.9,1,1000
26173,30/10/2023,30/10/2023,1000.0,169.4,1,1000
26175,05/12/2023,23/02/2024,1550.0,53.3,2,3100
26183,13/01/2024,20/03/2024,832.2,26.9,6,4992.99
26192,09/10/2023,05/02/2024,1327.5,71.7,2,2655
26194,09/11/2023,19/01/2024,365.1,88.4,15,5477.01
26195,02/01/2024,02/01/2024,2500.0,104.9,1,2500
26207,19/02/2024,04/03/2024,1500.0,43.7,2,3000
26251,26/11/2023,17/03/2024,122.8,30.1,5,614
26258,19/12/2023,06/03/2024,224.8,40.9,4,899
26284,17/10/2023,17/10/2023,1200.0,181.9,1,1200
26287,28/03/2024,28/03/2024,800.0,18.9,1,800
26343,05/10/2023,22/03/2024,626.3,25.8,11,6889.04
26345,26/01/2024,26/01/2024,99.0,81.4,1,99.01
26356,22/10/2023,06/11/2023,120.0,162.4,2,240
26357,16/11/2023,04/12/2023,805.0,133.9,2,1610
26388,09/09/2023,09/09/2023,760.0,220.4,1,760
26407,08/11/2023,25/03/2024,1250.3,22.0,4,5001
26413,27/09/2023,04/03/2024,789.3,42.9,7,5525
26431,13/02/2024,25/03/2024,2000.0,22.4,2,4000
26494,12/11/2023,13/02/2024,88.0,63.4,2,176
26513,13/10/2023,22/01/2024,666.7,85.6,3,2000
26578,12/03/2024,12/03/2024,1000.0,35.3,1,1000
26582,13/09/2023,02/03/2024,500.0,44.8,2,1000
26593,06/09/2023,11/12/2023,327.0,127.1,2,654.01
26616,02/01/2024,02/01/2024,2500.0,105.2,1,2500
26619,29/12/2023,29/12/2023,3800.0,109.1,1,3800
26663,15/09/2023,25/03/2024,1500.0,21.8,7,10500
26708,05/12/2023,20/02/2024,350.0,56.4,2,700
26714,07/01/2024,07/01/2024,304.0,99.9,1,304
26775,27/02/2024,27/02/2024,800.0,49.0,1,800
26782,23/10/2023,26/03/2024,365.9,21.5,7,2561.59
26801,14/10/2023,31/03/2024,677.8,16.4,4,2711
26806,16/01/2024,22/02/2024,1262.5,54.1,4,5050
26832,24/01/2024,18/03/2024,162.3,29.4,4,649
26834,21/09/2023,21/09/2023,5000.0,208.0,1,5000
26841,16/09/2023,25/01/2024,4175.0,82.1,4,16700
26864,11/11/2023,26/03/2024,711.8,20.9,8,5694
26889,21/03/2024,21/03/2024,841.1,26.3,1,841.14
26918,30/11/2023,09/03/2024,995.8,37.8,4,3983
26921,15/10/2023,15/10/2023,2000.0,184.1,1,2000
26941,12/09/2023,28/03/2024,89.1,19.5,13,1158.5
26946,09/09/2023,01/11/2023,450.0,167.3,2,900
26953,29/10/2023,29/10/2023,2550.0,170.1,1,2550
26956,24/09/2023,24/09/2023,10.0,205.5,1,10
26973,16/09/2023,16/09/2023,200.0,213.4,1,200
26982,16/09/2023,05/03/2024,803.8,41.8,5,4019
26988,10/01/2024,10/01/2024,460.0,97.2,1,460
27011,21/09/2023,02/03/2024,463.6,45.4,7,3245
27014,06/10/2023,22/02/2024,450.0,54.4,2,900
27024,25/09/2023,26/03/2024,773.0,21.3,5,3865
27054,15/09/2023,14/02/2024,317.5,62.1,4,1270
27055,12/10/2023,11/03/2024,1022.4,36.5,5,5112
27056,15/09/2023,20/03/2024,285.3,27.8,12,3423
27096,14/03/2024,21/03/2024,1000.0,26.2,2,2000
27118,18/12/2023,18/03/2024,367.8,29.3,4,1471
27123,18/09/2023,18/09/2023,1000.0,210.9,1,1000
27164,11/10/2023,20/12/2023,1111.2,118.4,3,3333.5
27181,14/09/2023,17/03/2024,759.2,30.4,3,2277.49
27184,11/09/2023,14/03/2024,654.1,33.1,9,5887
27193,03/09/2023,15/03/2024,283.5,32.4,11,3118
27196,16/11/2023,19/12/2023,733.7,118.9,3,2201
27210,09/10/2023,13/03/2024,304.5,34.0,10,3044.65
27211,11/11/2023,31/03/2024,333.3,16.1,3,1000
27215,30/01/2024,30/01/2024,152.0,76.9,1,152
27225,13/02/2024,13/02/2024,1200.0,63.4,1,1200
27234,05/03/2024,31/03/2024,189.3,16.3,3,568
27254,10/12/2023,10/12/2023,2270.0,128.0,1,2270
27261,04/01/2024,04/01/2024,377.0,103.1,1,377
27287,06/09/2023,26/01/2024,603.1,81.0,7,4222
27319,26/09/2023,26/09/2023,2600.0,203.0,1,2600
27326,29/12/2023,14/03/2024,2750.0,33.2,2,5500
27338,24/01/2024,24/01/2024,4000.0,83.0,1,4000
27360,22/02/2024,22/02/2024,305.0,54.3,1,305
27389,26/01/2024,22/03/2024,293.8,25.7,8,2350
27408,24/09/2023,24/09/2023,3800.0,205.4,1,3800
27411,17/10/2023,17/10/2023,760.0,181.8,1,760
27437,22/03/2024,26/03/2024,107.5,21.0,2,215
27495,29/09/2023,02/02/2024,1000.0,74.2,2,2000
27509,16/09/2023,08/03/2024,5275.0,39.0,4,21100
27518,16/10/2023,21/01/2024,1458.8,86.4,5,7294
27528,18/10/2023,04/03/2024,500.0,43.0,2,1000
27531,09/10/2023,18/03/2024,1500.3,29.0,3,4501
27532,05/09/2023,08/03/2024,478.6,39.5,7,3350
27537,22/09/2023,22/09/2023,750.0,207.0,2,1500
27547,04/10/2023,04/10/2023,606.0,195.0,1,606
27566,13/09/2023,03/03/2024,235.4,44.4,12,2825
27579,03/12/2023,03/03/2024,1132.3,44.5,5,5661.35
27584,01/10/2023,23/03/2024,774.0,24.4,4,3096
27592,21/01/2024,21/01/2024,2300.0,86.4,1,2300
27615,08/09/2023,08/09/2023,65.0,221.5,1,65
27625,09/12/2023,30/03/2024,2163.0,17.1,4,8652
27635,06/10/2023,31/03/2024,776.3,16.3,3,2329
27643,18/11/2023,02/03/2024,255.6,45.2,7,1789.54
27649,16/10/2023,25/03/2024,308.0,22.5,7,2156.01
27652,01/09/2023,27/12/2023,450.0,111.3,3,1350
27658,25/09/2023,26/03/2024,114.3,21.4,7,800
27706,24/09/2023,24/09/2023,150.0,205.5,1,150
27724,05/10/2023,22/03/2024,507.2,25.4,17,8622.36
27727,05/09/2023,15/03/2024,470.2,32.4,18,8464
27740,14/11/2023,28/02/2024,553.5,48.1,4,2214
27742,04/02/2024,04/02/2024,500.0,72.0,1,500
27747,18/09/2023,28/03/2024,417.5,19.3,11,4593
27750,19/01/2024,19/01/2024,100.0,88.5,1,100
27751,28/09/2023,12/03/2024,400.8,35.4,4,1603
27759,30/12/2023,30/12/2023,591.0,108.1,1,591
27771,31/10/2023,31/10/2023,379.0,168.6,1,379
27772,12/01/2024,12/01/2024,1000.0,95.0,1,1000
27793,22/10/2023,12/03/2024,1500.0,35.0,4,6000
27795,18/10/2023,05/03/2024,538.1,42.0,7,3766.7
27806,09/02/2024,09/02/2024,1000.0,67.4,1,1000
27811,13/09/2023,22/03/2024,1240.3,25.4,4,4961
27812,24/01/2024,24/01/2024,377.0,83.2,1,377
27814,06/02/2024,19/03/2024,1351.0,28.4,5,6755
27835,20/10/2023,09/01/2024,417.0,98.0,4,1668
27846,25/11/2023,12/03/2024,1585.1,34.9,3,4755.4
27856,12/10/2023,28/03/2024,700.0,19.1,6,4200
27859,24/02/2024,24/02/2024,1327.0,52.1,4,5308.04
27862,19/09/2023,22/02/2024,439.0,53.9,4,1756
27875,15/01/2024,31/03/2024,1326.0,16.6,5,6630
27877,14/10/2023,27/02/2024,217.5,48.9,3,652.46
27889,05/10/2023,02/03/2024,2353.5,44.9,4,9414.15
27893,10/12/2023,10/12/2023,7560.0,128.0,2,15120
27896,04/11/2023,23/01/2024,1828.7,84.5,3,5486
27921,06/10/2023,29/02/2024,373.3,47.5,7,2613
27967,05/03/2024,05/03/2024,200.0,42.7,1,200
27975,03/10/2023,17/03/2024,387.5,29.8,6,2325
27988,09/11/2023,13/02/2024,600.0,63.3,3,1800
28021,02/02/2024,02/02/2024,7000.0,73.9,1,7000
28045,27/02/2024,31/03/2024,2833.3,16.2,3,8500
28055,13/02/2024,29/03/2024,2724.0,17.9,5,13620
28066,23/12/2023,23/12/2023,7535.0,115.0,1,7535
28085,08/09/2023,30/03/2024,644.2,17.5,5,3221
28092,24/09/2023,24/09/2023,1000.0,205.5,1,999.99
28099,06/11/2023,06/11/2023,500.0,162.6,1,500
28100,02/09/2023,20/03/2024,464.5,26.8,10,4645
28106,07/01/2024,01/03/2024,333.3,46.4,3,1000
28136,04/11/2023,17/02/2024,948.5,59.5,2,1897
28137,20/03/2024,20/03/2024,755.0,26.9,1,755
28140,14/02/2024,01/03/2024,2844.4,45.8,7,19911.05
28162,26/09/2023,23/01/2024,1000.0,84.0,3,3000
28190,24/09/2023,08/02/2024,799.5,68.0,4,3197.99
28211,28/09/2023,18/03/2024,328.0,29.5,6,1968
28212,16/02/2024,16/02/2024,1000.0,60.0,2,2000
28228,15/01/2024,21/02/2024,1331.0,55.0,4,5324
28257,15/09/2023,15/09/2023,100.0,214.2,1,100
28264,09/10/2023,09/10/2023,380.0,189.9,1,380
28300,01/09/2023,05/03/2024,4849.1,42.0,5,24245.74
28308,14/10/2023,14/10/2023,900.0,185.4,1,900
28358,21/10/2023,21/10/2023,380.0,178.1,1,380
28361,18/10/2023,18/10/2023,380.0,180.9,1,380
28364,01/11/2023,28/03/2024,1677.8,19.0,9,15100
28366,26/09/2023,23/01/2024,223.0,84.1,4,892
28376,12/03/2024,12/03/2024,300.0,35.1,1,300
28378,27/09/2023,27/09/2023,1000.0,202.5,1,1000
28386,17/10/2023,17/10/2023,100.0,182.1,1,100
28408,03/09/2023,21/03/2024,690.0,26.3,2,1380
28413,03/03/2024,03/03/2024,7603.2,43.9,1,7603.19
28449,03/03/2024,03/03/2024,3038.0,44.1,1,3038
28464,05/10/2023,03/03/2024,486.3,44.0,4,1945
28476,13/09/2023,12/03/2024,499.4,35.1,16,7990
28481,12/09/2023,15/03/2024,349.3,32.2,8,2794
28484,18/10/2023,22/02/2024,124.0,54.8,2,248
28494,17/09/2023,08/03/2024,398.1,39.4,8,3185
28496,05/01/2024,20/03/2024,500.0,27.0,5,2500
28507,24/12/2023,07/01/2024,3250.0,100.2,2,6500
28510,30/01/2024,30/01/2024,300.0,77.0,1,300
28516,09/10/2023,16/11/2023,7502.5,152.5,4,30010
28577,07/01/2024,07/01/2024,3000.0,99.9,1,3000
28586,15/09/2023,21/09/2023,3838.5,208.5,6,23031
28623,20/12/2023,20/12/2023,1000.0,118.1,1,1000
28629,04/10/2023,04/10/2023,1000.0,195.4,1,1000
28636,03/09/2023,29/03/2024,374.6,18.4,13,4870.43
28639,13/09/2023,12/03/2024,171.0,35.4,8,1368
28645,11/09/2023,17/11/2023,800.0,150.9,2,1600
28664,17/11/2023,13/01/2024,429.7,94.5,2,859.42
28677,15/01/2024,04/03/2024,109.0,43.0,4,436
28678,24/09/2023,24/09/2023,900.0,204.9,1,900
28703,11/02/2024,11/02/2024,2000.0,65.5,1,2000
28716,05/01/2024,24/03/2024,719.3,22.9,16,11509
28747,11/03/2024,11/03/2024,100.0,35.9,1,100
28748,08/11/2023,06/03/2024,1488.1,41.6,2,2976.11
28792,01/02/2024,01/02/2024,255.0,75.3,1,255
28794,03/10/2023,20/01/2024,658.0,87.2,3,1974
28795,08/09/2023,23/03/2024,1897.7,24.1,6,11386
28816,07/02/2024,17/03/2024,200.5,30.4,2,401
28828,12/09/2023,20/03/2024,114.0,27.0,4,456
28849,07/10/2023,29/03/2024,842.9,18.4,7,5900
28855,27/03/2024,27/03/2024,1137.0,20.7,1,1137
28895,23/12/2023,23/12/2023,4000.0,115.5,1,4000
28937,16/11/2023,27/03/2024,468.6,19.9,8,3749
28946,20/02/2024,20/02/2024,605.0,56.2,1,605
28984,03/01/2024,03/01/2024,7500.0,103.9,1,7500
28992,12/01/2024,14/01/2024,6000.0,93.7,2,12000
28993,26/09/2023,26/09/2023,2000.0,203.1,1,2000
29014,21/12/2023,21/12/2023,4000.0,117.1,1,4000
29042,30/01/2024,29/02/2024,703.7,47.1,3,2111
29059,15/02/2024,26/02/2024,925.0,50.6,2,1850
29071,02/11/2023,21/11/2023,1002.2,147.0,2,2004.3
29075,15/09/2023,22/03/2024,496.2,25.3,7,3473.72
29108,01/11/2023,17/02/2024,1626.7,59.5,3,4880
29128,14/10/2023,10/02/2024,208.0,66.5,2,416.08
29134,01/09/2023,25/01/2024,202.7,82.3,3,608
29155,06/02/2024,06/02/2024,397.0,70.0,1,397.01
29174,29/10/2023,29/10/2023,2275.0,170.1,1,2275
29187,01/09/2023,01/09/2023,500.0,228.3,1,500
29200,28/12/2023,28/12/2023,4520.0,110.2,1,4520
29206,10/09/2023,28/03/2024,356.0,18.9,10,3560
29212,21/09/2023,22/03/2024,2125.0,25.3,4,8500
29213,26/09/2023,22/02/2024,627.4,54.4,12,7529.33
29214,26/09/2023,26/09/2023,140.0,202.9,1,140
29216,23/10/2023,22/01/2024,3380.0,84.9,6,20280
29225,16/10/2023,30/03/2024,466.7,17.6,3,1400
29235,26/11/2023,21/02/2024,312.5,55.4,2,625
30002,03/11/2023,14/02/2024,3120.0,62.2,5,15600
30011,15/09/2023,26/11/2023,997.3,142.5,4,3989
30020,23/10/2023,06/03/2024,977.8,41.1,4,3911
30028,08/09/2023,03/12/2023,4600.0,134.9,3,13800
30029,01/09/2023,01/03/2024,329.1,46.4,6,1974.38
30032,02/09/2023,27/03/2024,1250.0,20.1,2,2500
30037,03/09/2023,24/10/2023,2125.0,175.0,2,4250
30040,08/09/2023,19/01/2024,1935.0,88.3,2,3870
30043,12/09/2023,14/03/2024,971.4,33.4,7,6800
30049,18/09/2023,29/12/2023,833.3,109.4,3,2500
30062,25/09/2023,28/03/2024,3654.3,19.8,4,14617
30068,27/09/2023,22/11/2023,1095.0,146.5,4,4380
30071,04/10/2023,29/03/2024,567.6,18.0,5,2838
30072,29/09/2023,06/02/2024,313.3,69.9,6,1880
30078,27/12/2023,27/12/2023,142.9,111.0,1,142.89
30084,08/10/2023,27/03/2024,1118.7,20.4,11,12305.38
30086,11/10/2023,11/03/2024,537.3,36.0,10,5373.21
30089,12/10/2023,12/10/2023,275.0,187.3,1,275
30095,17/10/2023,17/10/2023,2388.0,182.1,1,2388
30096,01/11/2023,04/03/2024,850.0,43.5,5,4250
30101,21/10/2023,22/02/2024,2658.0,53.9,2,5316
30105,26/10/2023,24/02/2024,5535.7,51.8,7,38750
30107,29/10/2023,29/10/2023,540.0,170.2,1,540
30109,02/11/2023,02/11/2023,760.0,166.0,1,760
30110,01/11/2023,01/11/2023,7000.0,167.4,1,7000
30115,19/11/2023,28/01/2024,3400.0,79.4,2,6800
30119,09/11/2023,09/11/2023,1001.0,158.9,1,1001
30122,11/11/2023,26/01/2024,286.0,80.9,5,1430
30123,03/01/2024,03/01/2024,1505.0,104.0,1,1505
30126,28/11/2023,28/11/2023,4000.0,140.3,1,4000
30129,14/11/2023,14/11/2023,2300.0,154.1,1,2300
30134,20/02/2024,20/02/2024,200.0,56.5,1,200
30138,25/11/2023,24/01/2024,7790.0,83.5,2,15580
30140,06/12/2023,06/12/2023,200.0,131.9,1,200
30142,06/12/2023,09/03/2024,3100.0,38.0,3,9300
30143,02/12/2023,03/12/2023,4500.0,135.4,2,9000
30150,09/12/2023,09/12/2023,379.0,128.9,1,379
30153,02/01/2024,06/02/2024,5000.0,70.0,6,30000
30155,14/12/2023,20/03/2024,431.8,27.4,4,1727
30156,16/12/2023,16/12/2023,152.0,122.1,1,152
30159,26/12/2023,10/03/2024,1695.4,36.9,5,8477
30164,22/12/2023,22/12/2023,7530.0,116.1,1,7530
30170,28/12/2023,28/12/2023,226.0,110.6,1,226
30174,23/03/2024,24/03/2024,100.0,23.3,3,300
30175,01/01/2024,14/03/2024,2500.0,33.3,2,5000
30178,02/01/2024,08/02/2024,6099.0,68.1,5,30495.01
30180,31/12/2023,01/03/2024,1268.8,46.0,4,5075.36
30186,02/01/2024,11/03/2024,1890.5,36.1,6,11343
30190,03/01/2024,03/01/2024,80.0,104.6,1,80
30197,08/01/2024,10/02/2024,750.0,65.9,3,2250
30203,08/01/2024,31/03/2024,262.2,16.2,10,2622.49
30204,07/02/2024,07/02/2024,200.0,68.9,1,200
30212,15/01/2024,15/01/2024,500.0,91.9,1,500
30215,16/01/2024,15/03/2024,1127.5,32.3,4,4510.02
30217,16/01/2024,23/01/2024,849.5,84.1,2,1699
30222,21/01/2024,21/01/2024,1000.0,86.5,1,1000
30224,21/01/2024,21/01/2024,395.0,86.2,1,395
30225,22/01/2024,15/03/2024,1300.0,32.5,3,3900
30226,22/01/2024,22/01/2024,2000.0,85.1,1,2000
30228,22/01/2024,31/03/2024,266.7,16.4,3,800
30230,22/01/2024,27/03/2024,650.0,20.1,3,1950
30231,23/01/2024,31/03/2024,1916.7,15.8,3,5750
30237,29/01/2024,29/01/2024,1000.0,78.1,3,3000
30240,26/02/2024,27/02/2024,1000.0,49.6,2,2000
30243,28/01/2024,09/02/2024,2750.0,67.4,2,5500
30253,01/02/2024,01/02/2024,1894.0,75.4,1,1894
30255,01/02/2024,28/03/2024,2200.4,18.9,5,11002
30257,03/02/2024,10/03/2024,775.0,36.9,2,1550
30258,04/02/2024,26/03/2024,903.6,21.6,7,6325
30259,04/02/2024,17/03/2024,1100.0,30.1,2,2200
30260,05/02/2024,09/03/2024,728.5,37.8,2,1457
30261,06/02/2024,24/03/2024,2557.5,23.6,10,25575
30262,07/02/2024,16/02/2024,564.5,60.4,3,1693.63
30269,08/02/2024,08/02/2024,1000.0,68.1,1,1000
30270,08/02/2024,08/02/2024,500.0,68.0,1,500
30272,10/02/2024,10/02/2024,5000.0,66.6,1,5000
30273,10/02/2024,10/02/2024,2498.0,65.9,1,2498
30275,11/02/2024,03/03/2024,950.0,44.6,2,1900
30283,06/03/2024,22/03/2024,70.0,24.9,3,210
30285,15/02/2024,29/03/2024,1524.7,18.5,3,4574
30288,17/02/2024,17/02/2024,1000.0,59.4,1,1000
30291,19/02/2024,19/02/2024,1000.0,57.3,1,1000
30300,28/02/2024,22/03/2024,1175.9,25.3,2,2351.77
30304,25/02/2024,25/02/2024,1545.0,50.9,1,1545
30305,25/02/2024,25/02/2024,1515.0,51.1,1,1515
30307,26/02/2024,07/03/2024,1476.7,40.1,3,4430
30309,28/02/2024,31/03/2024,1198.3,16.4,4,4793
30312,02/03/2024,02/03/2024,1135.0,45.1,1,1135
30313,02/03/2024,02/03/2024,1597.0,45.5,1,1596.99
30317,31/03/2024,31/03/2024,20.0,16.4,1,20
30318,04/03/2024,11/03/2024,283.5,36.0,2,567.02
30319,08/03/2024,08/03/2024,1000.0,39.2,3,3000
30323,06/03/2024,12/03/2024,1248.0,35.1,2,2496
30338,11/03/2024,19/03/2024,999.0,27.9,3,2997.01
30339,11/03/2024,25/03/2024,1633.3,22.0,3,4900
30340,11/03/2024,23/03/2024,448.8,24.1,4,1795.02
30341,11/03/2024,11/03/2024,1000.0,35.8,1,1000
30344,12/03/2024,12/03/2024,3000.0,35.2,1,3000
30350,14/03/2024,14/03/2024,800.0,33.1,1,800
30353,15/03/2024,15/03/2024,10000.0,32.0,1,10000
30359,18/03/2024,18/03/2024,500.0,29.7,1,500
30363,18/03/2024,18/03/2024,455.0,29.1,1,455
30364,18/03/2024,18/03/2024,7000.0,29.0,1,7000
30372,25/03/2024,25/03/2024,380.0,22.0,1,380
30377,29/03/2024,29/03/2024,7560.0,18.5,1,7560
30388,31/03/2024,31/03/2024,375.0,16.4,1,375
30390,31/03/2024,31/03/2024,1000.0,16.2,1,1000
Grand Total,01/09/2023,31/03/2024,1154.9,15.8,6721,7762184.6