Sender Id,Max of Date Created,Min of Date Created,Average of Amount,recency,frequency,monetary
10,02/03/2024,01/10/2023,1596.8,40,4,6387.0
24,15/02/2024,12/09/2023,625.5,56,18,11259.0
27,18/12/2023,18/10/2023,614.8,115,3,1844.3
30,20/01/2024,08/09/2023,548.3,82,3,1645.0
36,01/02/2024,14/09/2023,666.7,70,3,2000.0
38,03/03/2024,16/12/2023,3718.8,39,8,29750.7
42,23/02/2024,02/12/2023,500.0,48,2,1000.0
46,19/11/2023,19/11/2023,500.0,144,1,500.0
48,09/10/2023,09/10/2023,2268.5,185,1,2268.5
49,26/09/2023,26/09/2023,400.0,198,1,400.0
52,08/02/2024,08/02/2024,7580.0,63,1,7580.0
53,27/02/2024,15/09/2023,1166.7,44,6,7000.0
61,01/02/2024,07/01/2024,2500.0,70,2,5000.0
62,22/11/2023,02/10/2023,104.5,141,2,209.0
63,21/11/2023,18/11/2023,2080.5,142,2,4161.0
64,13/11/2023,13/11/2023,100.0,150,1,100.0
66,02/01/2024,02/01/2024,380.0,100,1,380.0
67,12/01/2024,12/01/2024,2000.0,90,1,2000.0
68,23/02/2024,15/12/2023,700.3,48,4,2801.0
75,03/03/2024,10/09/2023,3203.5,39,8,25628.0
81,28/01/2024,24/12/2023,1100.0,74,2,2200.0
87,12/02/2024,12/02/2024,1300.0,59,1,1300.0
94,25/11/2023,08/09/2023,439.0,138,2,878.0
98,28/02/2024,15/09/2023,675.0,43,12,8100.0
99,19/10/2023,19/10/2023,353.0,175,2,706.0
102,27/01/2024,27/01/2024,2000.0,75,1,2000.0
105,12/02/2024,03/10/2023,527.8,59,3,1583.4
112,26/11/2023,26/11/2023,2650.0,137,1,2650.0
116,13/12/2023,20/09/2023,2800.0,120,2,5600.0
118,01/03/2024,12/09/2023,154.3,41,16,2469.4
120,23/02/2024,23/09/2023,377.6,48,7,2643.0
124,19/12/2023,19/12/2023,1150.0,114,1,1150.0
138,11/11/2023,25/09/2023,325.0,152,2,650.0
142,15/02/2024,08/11/2023,1362.4,56,7,9537.0
147,02/02/2024,28/10/2023,1025.3,69,2,2050.7
160,23/02/2024,10/11/2023,283.3,48,3,850.0
167,19/02/2024,25/09/2023,847.5,52,8,6780.0
173,16/01/2024,14/10/2023,701.7,86,3,2105.0
174,14/01/2024,14/01/2024,7600.0,88,1,7600.0
180,19/10/2023,19/10/2023,757.0,175,1,757.0
187,07/10/2023,07/10/2023,757.0,187,1,757.0
188,21/12/2023,21/12/2023,6000.0,112,1,6000.0
209,21/12/2023,17/09/2023,160.0,112,5,800.0
212,16/11/2023,16/11/2023,151.1,147,1,151.1
215,02/11/2023,02/11/2023,1437.0,161,1,1437.0
216,15/01/2024,12/09/2023,752.3,87,8,6018.3
222,07/02/2024,01/01/2024,139.3,64,3,418.0
227,09/02/2024,06/09/2023,401.0,62,2,802.0
238,10/01/2024,16/10/2023,1000.0,92,2,2000.0
246,20/01/2024,17/09/2023,1604.2,82,5,8021.2
247,09/10/2023,09/10/2023,290.0,185,2,580.0
250,23/02/2024,27/11/2023,1250.0,48,2,2500.0
252,10/01/2024,21/12/2023,225.9,92,3,677.7
260,28/01/2024,28/01/2024,1525.0,74,1,1525.0
268,24/09/2023,06/09/2023,7500.0,200,4,30000.0
272,05/01/2024,05/01/2024,1600.0,97,1,1600.0
281,07/02/2024,05/09/2023,1391.7,64,6,8350.0
285,08/02/2024,08/02/2024,2282.0,63,1,2282.0
286,09/01/2024,19/09/2023,1200.0,93,10,12000.0
305,19/02/2024,12/10/2023,143.5,52,8,1148.0
315,01/03/2024,30/09/2023,160.3,41,10,1602.8
322,18/02/2024,25/09/2023,675.0,53,2,1350.0
324,18/01/2024,03/10/2023,500.0,84,3,1500.0
326,05/01/2024,05/01/2024,4242.0,97,1,4242.0
333,14/11/2023,12/10/2023,201.5,149,2,403.0
338,22/02/2024,03/09/2023,1068.7,49,15,16030.0
344,26/02/2024,09/09/2023,807.3,45,8,6458.0
353,10/12/2023,24/09/2023,2484.3,123,4,9937.0
355,07/01/2024,10/12/2023,2845.5,95,2,5691.0
358,03/01/2024,01/09/2023,1810.5,99,12,21725.6
360,09/02/2024,09/02/2024,1000.0,62,1,1000.0
362,03/03/2024,19/10/2023,1300.0,39,2,2600.0
368,14/12/2023,08/12/2023,176.5,119,2,353.0
369,05/12/2023,05/12/2023,99.0,128,1,99.0
372,14/11/2023,14/11/2023,1000.0,149,1,1000.0
374,25/11/2023,28/10/2023,219.0,138,3,657.0
380,22/01/2024,13/10/2023,1200.8,80,5,6004.0
381,30/09/2023,30/09/2023,2500.0,194,1,2500.0
388,01/03/2024,01/03/2024,4000.0,41,1,4000.0
391,23/10/2023,23/10/2023,4515.0,171,1,4515.0
393,20/02/2024,10/10/2023,833.3,51,3,2500.0
399,05/10/2023,05/10/2023,800.0,189,1,800.0
405,01/03/2024,08/10/2023,398.2,41,6,2389.0
408,12/11/2023,19/10/2023,500.0,151,3,1500.0
409,19/12/2023,17/09/2023,2032.5,114,4,8130.0
414,19/01/2024,16/10/2023,97.3,83,4,389.0
426,10/11/2023,10/11/2023,1000.0,153,1,1000.0
427,14/10/2023,14/10/2023,378.1,180,1,378.1
428,29/12/2023,21/09/2023,583.3,104,6,3500.0
430,05/02/2024,28/01/2024,5780.0,66,4,23120.0
447,20/01/2024,21/11/2023,841.0,82,3,2523.0
457,22/02/2024,03/10/2023,500.3,49,4,2001.0
461,19/12/2023,18/12/2023,4939.5,114,2,9879.0
466,18/02/2024,03/09/2023,315.0,53,2,630.0
467,01/03/2024,12/09/2023,847.8,41,21,17803.3
502,25/01/2024,30/11/2023,2282.0,77,2,4564.0
517,27/01/2024,21/10/2023,833.3,75,3,2500.0
520,07/01/2024,02/10/2023,1605.0,95,2,3210.0
522,11/01/2024,30/09/2023,319.5,91,4,1278.0
532,28/02/2024,28/02/2024,228.2,43,1,228.2
534,17/09/2023,17/09/2023,7300.0,207,1,7300.0
538,31/01/2024,11/01/2024,800.0,71,3,2400.0
544,01/03/2024,18/01/2024,3000.0,41,2,6000.0
547,02/11/2023,02/11/2023,7183.4,161,1,7183.4
571,04/12/2023,14/09/2023,584.0,129,2,1168.0
583,31/01/2024,14/09/2023,725.4,71,12,8705.0
584,28/01/2024,28/12/2023,7550.0,74,2,15100.0
601,12/10/2023,07/09/2023,877.3,182,4,3509.0
602,26/02/2024,07/09/2023,390.1,45,11,4291.0
614,18/01/2024,05/10/2023,2095.0,84,4,8380.0
627,16/01/2024,16/01/2024,900.0,86,1,900.0
630,12/01/2024,10/10/2023,628.5,90,2,1257.0
635,12/10/2023,12/10/2023,455.0,182,1,455.0
640,21/02/2024,26/01/2024,486.7,50,3,1460.0
641,06/11/2023,05/10/2023,950.0,157,2,1900.0
649,07/01/2024,21/09/2023,4788.5,95,3,14365.4
657,21/09/2023,21/09/2023,1000.0,203,2,2000.0
676,01/03/2024,27/02/2024,425.0,41,2,850.0
689,19/02/2024,19/02/2024,1000.0,52,1,1000.0
690,21/02/2024,14/11/2023,2097.5,50,2,4195.0
693,26/01/2024,04/10/2023,741.4,76,4,2965.7
698,08/11/2023,08/11/2023,2000.0,155,1,2000.0
709,08/02/2024,11/09/2023,1325.0,63,2,2650.0
713,02/02/2024,02/10/2023,3056.0,69,5,15280.0
715,02/03/2024,04/10/2023,165.0,40,4,660.0
731,20/02/2024,16/11/2023,1287.5,51,4,5150.0
761,27/02/2024,09/10/2023,681.0,44,21,14302.0
784,15/01/2024,15/01/2024,1000.0,87,1,1000.0
800,06/02/2024,19/09/2023,3000.0,65,3,9000.0
812,28/02/2024,28/02/2024,755.7,43,1,755.7
824,23/10/2023,23/10/2023,1500.0,171,1,1500.0
832,06/02/2024,06/02/2024,1150.0,65,1,1150.0
848,15/10/2023,15/10/2023,2000.0,179,1,2000.0
856,30/01/2024,02/01/2024,3150.0,72,2,6300.0
858,14/02/2024,18/10/2023,810.4,57,7,5673.0
860,17/11/2023,17/11/2023,7000.0,146,1,7000.0
867,03/02/2024,07/01/2024,160.3,68,3,481.0
872,02/12/2023,15/09/2023,1932.3,131,9,17391.1
878,29/02/2024,14/09/2023,362.5,42,4,1450.0
879,27/09/2023,27/09/2023,700.0,197,1,700.0
886,29/02/2024,09/10/2023,275.0,42,2,550.0
887,12/10/2023,12/10/2023,1544.0,182,1,1544.0
903,27/02/2024,14/09/2023,3433.6,44,27,92706.0
911,01/03/2024,05/11/2023,442.6,41,24,10622.0
913,23/12/2023,23/12/2023,200.0,110,1,200.0
922,25/10/2023,04/10/2023,10000.0,169,5,50000.0
932,30/09/2023,30/09/2023,3033.0,194,1,3033.0
938,26/11/2023,13/09/2023,1411.3,137,5,7056.4
952,11/10/2023,11/10/2023,1000.0,183,1,1000.0
957,16/10/2023,05/09/2023,2000.0,178,2,4000.0
958,28/12/2023,05/10/2023,1000.0,105,2,2000.0
976,11/11/2023,11/11/2023,1500.0,152,1,1500.0
998,09/02/2024,16/11/2023,189.5,62,4,757.8
1002,21/12/2023,16/10/2023,1276.2,112,4,5104.7
1013,22/12/2023,22/12/2023,250.0,111,1,250.0
1024,11/02/2024,28/11/2023,2054.4,60,2,4108.8
1031,15/02/2024,08/09/2023,888.1,56,14,12434.0
1075,19/09/2023,19/09/2023,7558.5,205,2,15117.0
1085,07/02/2024,07/02/2024,800.0,64,1,800.0
1114,08/02/2024,17/10/2023,427.5,63,4,1710.0
1123,09/02/2024,09/02/2024,365.1,62,1,365.1
1146,10/11/2023,10/11/2023,610.0,153,1,610.0
1161,20/02/2024,12/10/2023,1771.3,51,3,5314.0
1182,29/01/2024,29/01/2024,1200.0,73,1,1200.0
1187,16/01/2024,18/09/2023,725.0,86,4,2900.0
1191,21/02/2024,20/10/2023,655.8,50,5,3279.0
1198,01/02/2024,19/09/2023,905.7,70,3,2717.1
1199,15/02/2024,18/09/2023,750.0,56,5,3750.0
1210,28/02/2024,09/11/2023,1340.9,43,17,22795.0
1213,24/11/2023,08/09/2023,625.0,139,4,2500.0
1226,18/01/2024,16/09/2023,285.7,84,7,2000.0
1252,28/12/2023,01/10/2023,7553.3,105,3,22660.0
1261,23/11/2023,23/11/2023,1000.0,140,1,1000.0
1271,23/02/2024,09/09/2023,572.5,48,9,5152.9
1278,29/10/2023,29/10/2023,5000.0,165,1,5000.0
1288,26/01/2024,26/01/2024,550.0,76,1,550.0
1289,17/10/2023,17/10/2023,2500.0,177,1,2500.0
1295,10/10/2023,10/10/2023,1590.0,184,1,1590.0
1307,28/02/2024,12/09/2023,724.7,43,6,4348.2
1317,06/02/2024,08/09/2023,3107.6,65,6,18645.8
1320,16/12/2023,11/09/2023,2028.3,117,3,6085.0
1325,28/02/2024,28/02/2024,114.2,43,1,114.2
1334,18/12/2023,18/12/2023,4000.0,115,1,4000.0
1348,22/02/2024,10/09/2023,1198.6,49,9,10787.0
1349,23/02/2024,23/02/2024,300.0,48,1,300.0
1350,28/01/2024,13/09/2023,703.8,74,4,2815.0
1353,22/12/2023,22/12/2023,150.0,111,1,150.0
1356,10/02/2024,03/10/2023,333.3,61,3,1000.0
1360,16/02/2024,17/09/2023,2866.7,55,3,8600.0
1361,16/11/2023,23/10/2023,842.5,147,4,3370.0
1364,15/09/2023,15/09/2023,76.0,209,1,76.0
1366,12/02/2024,09/10/2023,1666.7,59,3,5000.0
1382,01/03/2024,01/03/2024,250.0,41,1,250.0
1390,09/11/2023,08/11/2023,700.0,154,2,1400.0
1391,11/01/2024,12/11/2023,150.0,91,2,300.0
1403,14/01/2024,10/10/2023,2572.5,88,4,10290.0
1412,07/02/2024,05/11/2023,1152.0,64,5,5760.0
1415,04/10/2023,04/10/2023,200.0,190,1,200.0
1417,11/02/2024,12/09/2023,2102.6,60,8,16821.0
1435,06/11/2023,06/11/2023,620.0,157,1,620.0
1440,01/03/2024,14/01/2024,603.3,41,3,1810.0
1441,29/11/2023,06/10/2023,133.5,134,2,267.0
1442,07/02/2024,06/09/2023,1734.8,64,9,15613.0
1447,09/01/2024,09/01/2024,2300.0,93,1,2300.0
1450,26/11/2023,26/09/2023,450.3,137,6,2702.0
1457,11/10/2023,11/10/2023,3800.0,183,1,3800.0
1458,03/03/2024,22/09/2023,547.0,39,24,13128.6
1461,13/02/2024,13/02/2024,3800.0,58,1,3800.0
1491,11/01/2024,11/09/2023,333.3,91,3,1000.0
1496,10/02/2024,08/09/2023,258.2,61,5,1291.0
1499,02/10/2023,02/10/2023,3035.0,192,1,3035.0
1501,06/09/2023,06/09/2023,400.0,218,1,400.0
1503,22/02/2024,22/02/2024,2110.0,49,1,2110.0
1533,28/11/2023,28/11/2023,2000.0,135,1,2000.0
1536,14/01/2024,06/09/2023,1961.5,88,6,11769.2
1541,01/03/2024,24/01/2024,1947.0,41,4,7788.0
1548,13/11/2023,11/09/2023,1846.7,150,3,5540.0
1551,08/02/2024,17/09/2023,362.3,63,7,2536.0
1561,25/02/2024,18/09/2023,776.3,46,8,6210.0
1565,24/01/2024,07/12/2023,1300.0,78,3,3900.0
1571,07/10/2023,06/09/2023,1268.7,187,2,2537.4
1610,10/11/2023,14/10/2023,1125.0,153,2,2250.0
1612,14/11/2023,14/11/2023,1891.0,149,1,1891.0
1617,19/10/2023,19/10/2023,100.0,175,2,200.0
1620,22/11/2023,09/10/2023,504.1,141,3,1512.3
1621,08/02/2024,15/09/2023,705.6,63,9,6350.0
1623,24/01/2024,14/12/2023,675.0,78,2,1350.0
1624,14/02/2024,10/09/2023,772.1,57,9,6949.0
1629,04/01/2024,29/09/2023,713.5,98,6,4281.0
1634,10/12/2023,03/10/2023,1391.5,123,6,8348.8
1636,27/12/2023,20/10/2023,318.8,106,2,637.5
1656,02/03/2024,28/01/2024,1389.0,40,2,2778.0
1660,04/02/2024,17/09/2023,349.0,67,2,698.0
1671,28/11/2023,28/11/2023,3000.0,135,1,3000.0
1688,14/01/2024,12/11/2023,1827.5,88,2,3655.0
1704,26/02/2024,08/09/2023,217.4,45,7,1522.0
1705,16/02/2024,13/09/2023,297.6,55,10,2976.0
1714,23/11/2023,01/11/2023,1333.3,140,3,4000.0
1726,08/02/2024,12/09/2023,299.3,63,4,1197.0
1733,05/11/2023,16/10/2023,266.3,158,2,532.5
1736,07/01/2024,06/09/2023,5906.0,95,3,17718.0
1745,10/10/2023,09/10/2023,1000.0,184,2,2000.0
1749,03/03/2024,25/11/2023,214.8,39,8,1718.0
1755,05/09/2023,05/09/2023,1400.0,219,1,1400.0
1832,31/01/2024,17/09/2023,660.8,71,12,7929.2
1834,03/02/2024,05/09/2023,1405.3,68,6,8432.0
1845,23/02/2024,11/09/2023,1638.4,48,10,16384.0
1846,14/02/2024,14/09/2023,1241.5,57,12,14898.0
1850,13/09/2023,05/09/2023,2105.3,211,3,6316.0
1853,18/02/2024,15/11/2023,916.3,53,6,5498.0
1864,18/12/2023,18/12/2023,400.0,115,1,400.0
1868,01/11/2023,01/11/2023,100.0,162,1,100.0
1883,01/03/2024,01/09/2023,346.0,41,51,17646.5
1902,23/12/2023,13/10/2023,871.0,110,2,1742.0
1907,28/02/2024,30/09/2023,1915.0,43,8,15320.0
1912,13/02/2024,06/12/2023,107.0,58,2,214.0
1913,01/03/2024,13/09/2023,227.5,41,11,2502.6
1925,28/01/2024,15/09/2023,438.0,74,5,2190.0
1931,21/02/2024,10/01/2024,2139.2,50,5,10696.0
1937,25/01/2024,20/09/2023,622.2,77,5,3111.0
1953,29/12/2023,01/09/2023,598.4,104,8,4787.5
1970,06/02/2024,13/09/2023,647.1,65,4,2588.5
1971,20/02/2024,08/09/2023,500.0,51,6,3000.0
1977,21/11/2023,21/11/2023,200.0,142,1,200.0
1981,30/12/2023,27/09/2023,106.5,103,4,426.0
1982,19/11/2023,19/11/2023,454.0,144,1,454.0
2022,31/01/2024,28/09/2023,465.0,71,4,1860.0
2034,25/02/2024,22/09/2023,866.1,46,11,9527.5
2038,07/11/2023,16/10/2023,625.0,156,2,1250.0
2041,07/02/2024,10/09/2023,816.7,64,3,2450.0
2043,25/11/2023,12/09/2023,167.8,138,2,335.5
2044,24/02/2024,24/02/2024,155.0,47,1,155.0
2054,03/03/2024,21/09/2023,245.5,39,2,491.0
2071,19/02/2024,17/02/2024,425.0,52,2,850.0
2077,22/02/2024,19/12/2023,150.0,49,2,300.0
2098,18/02/2024,16/09/2023,513.0,53,4,2052.0
2113,16/02/2024,13/01/2024,3598.6,55,5,17993.0
2131,29/11/2023,29/11/2023,393.5,134,1,393.5
2142,18/01/2024,18/01/2024,300.0,84,1,300.0
2163,01/02/2024,14/10/2023,833.4,70,3,2500.3
2168,02/03/2024,22/09/2023,365.5,40,9,3289.9
2181,12/01/2024,14/10/2023,568.6,90,2,1137.2
2212,04/02/2024,04/09/2023,3310.7,67,3,9932.0
2213,17/02/2024,19/09/2023,683.3,54,6,4100.0
2215,08/01/2024,17/09/2023,600.0,94,2,1200.0
2226,11/12/2023,11/12/2023,2350.0,122,1,2350.0
2254,02/03/2024,01/03/2024,250.0,40,2,500.0
2257,07/10/2023,07/10/2023,1134.7,187,1,1134.7
2280,08/11/2023,08/09/2023,1313.7,155,3,3941.0
2294,11/12/2023,19/10/2023,768.0,122,2,1536.0
2297,09/01/2024,09/01/2024,3000.0,93,1,3000.0
2310,08/01/2024,19/10/2023,84.3,94,3,253.0
2316,06/10/2023,06/10/2023,379.0,188,1,379.0
2321,27/11/2023,16/10/2023,157.5,136,2,315.0
2323,11/02/2024,11/02/2024,500.0,60,1,500.0
2324,10/11/2023,10/11/2023,1000.0,153,2,2000.0
2339,02/03/2024,14/01/2024,857.0,40,2,1714.0
2354,10/10/2023,19/09/2023,133.0,184,3,399.0
2385,01/01/2024,15/10/2023,1000.0,101,2,2000.0
2391,14/01/2024,09/10/2023,300.0,88,2,600.0
2402,20/01/2024,20/01/2024,721.0,82,1,721.0
2412,27/02/2024,02/09/2023,817.7,44,24,19625.7
2446,05/11/2023,20/09/2023,1333.3,158,3,4000.0
2477,06/02/2024,13/10/2023,2950.0,65,3,8850.0
2494,10/01/2024,19/10/2023,220.5,92,4,882.0
2501,01/12/2023,01/12/2023,200.0,132,1,200.0
2505,09/02/2024,10/09/2023,395.2,62,9,3557.0
2513,02/12/2023,02/12/2023,756.2,131,1,756.2
2527,25/02/2024,10/09/2023,668.5,46,11,7353.5
2545,13/10/2023,13/10/2023,6050.0,181,1,6050.0
2556,21/02/2024,30/09/2023,1723.1,50,9,15507.5
2597,04/02/2024,04/02/2024,200.0,67,2,400.0
2608,27/02/2024,20/09/2023,938.0,44,10,9380.0
2628,20/09/2023,20/09/2023,1000.0,204,1,1000.0
2650,28/01/2024,06/09/2023,166.8,74,5,834.0
2661,16/10/2023,16/10/2023,303.0,178,1,303.0
2676,07/09/2023,07/09/2023,500.0,217,1,500.0
2681,27/10/2023,07/09/2023,730.0,167,4,2920.0
2693,19/12/2023,22/09/2023,193.3,114,3,580.0
2713,02/03/2024,02/03/2024,460.0,40,1,460.0
2714,14/10/2023,14/10/2023,1000.0,180,1,1000.0
2720,23/01/2024,12/09/2023,347.8,79,3,1043.5
2726,28/02/2024,15/09/2023,1842.9,43,7,12900.0
2744,25/12/2023,02/10/2023,252.0,108,2,504.0
2746,28/01/2024,30/10/2023,313.0,74,2,626.0
2772,02/01/2024,07/10/2023,2475.0,100,4,9900.0
2796,29/02/2024,28/09/2023,505.0,42,6,3030.0
2800,30/01/2024,12/01/2024,337.5,72,2,675.0
2825,29/02/2024,13/10/2023,461.8,42,4,1847.0
2826,01/03/2024,01/03/2024,765.0,41,1,765.0
2833,01/12/2023,01/12/2023,345.0,132,1,345.0
2856,26/02/2024,10/11/2023,2454.4,45,4,9817.5
2863,03/10/2023,03/10/2023,1200.0,191,1,1200.0
2869,05/01/2024,12/10/2023,874.2,97,17,14860.6
2891,10/10/2023,10/10/2023,550.0,184,1,550.0
2901,06/02/2024,07/11/2023,2218.3,65,6,13310.0
2908,08/01/2024,17/09/2023,1400.0,94,3,4200.0
2910,25/02/2024,10/10/2023,4875.0,46,4,19500.0
2921,17/01/2024,20/09/2023,525.0,85,4,2100.0
2927,28/12/2023,21/10/2023,651.2,105,3,1953.7
2932,09/10/2023,11/09/2023,1130.0,185,2,2260.0
2940,16/02/2024,16/02/2024,500.0,55,1,500.0
2950,25/12/2023,14/09/2023,815.7,108,6,4894.2
2967,13/10/2023,13/10/2023,1500.0,181,1,1500.0
2970,28/11/2023,16/10/2023,2090.0,135,2,4180.0
2982,03/03/2024,11/11/2023,1692.9,39,7,11850.0
3074,19/02/2024,18/10/2023,1291.4,52,7,9040.0
3079,24/02/2024,07/09/2023,390.0,47,9,3510.0
3084,01/12/2023,01/10/2023,431.6,132,5,2158.0
3133,23/02/2024,25/09/2023,2785.7,48,7,19500.0
3146,03/03/2024,05/10/2023,621.8,39,4,2487.0
3157,23/01/2024,06/01/2024,3819.3,79,3,11458.0
3171,12/11/2023,12/11/2023,151.3,151,1,151.3
3190,27/09/2023,27/09/2023,500.0,197,1,500.0
3194,16/10/2023,07/10/2023,1276.0,178,2,2552.0
3201,27/01/2024,19/09/2023,748.5,75,6,4491.1
3202,14/12/2023,03/10/2023,380.0,119,5,1900.0
3204,13/09/2023,13/09/2023,4556.0,211,1,4556.0
3237,12/09/2023,12/09/2023,7590.7,212,1,7590.7
3250,14/02/2024,14/02/2024,2000.0,57,1,2000.0
3252,29/02/2024,14/09/2023,1447.0,42,3,4341.0
3261,23/01/2024,07/01/2024,2815.8,79,2,5631.5
3305,05/10/2023,13/09/2023,420.0,189,3,1260.0
3326,02/02/2024,11/09/2023,1500.0,69,2,3000.0
3342,11/12/2023,11/12/2023,1511.0,122,1,1511.0
3379,08/02/2024,23/01/2024,3020.0,63,3,9060.0
3382,11/01/2024,20/09/2023,557.6,91,5,2788.0
3396,01/02/2024,01/02/2024,400.0,70,1,400.0
3418,27/11/2023,27/11/2023,265.0,136,1,265.0
3420,28/02/2024,23/09/2023,169.4,43,7,1186.0
3441,09/10/2023,09/10/2023,100.0,185,1,100.0
3446,07/02/2024,20/12/2023,2871.4,64,7,20100.0
3453,14/11/2023,10/10/2023,350.0,149,2,700.0
3466,28/02/2024,01/11/2023,2298.7,43,6,13792.0
3473,08/11/2023,05/11/2023,2600.0,155,2,5200.0
3492,25/02/2024,09/09/2023,756.8,46,19,14380.0
3498,27/02/2024,04/09/2023,819.0,44,5,4095.0
3499,12/11/2023,19/09/2023,1075.0,151,4,4300.0
3502,26/02/2024,04/10/2023,1258.3,45,8,10066.0
3507,24/02/2024,11/10/2023,357.1,47,3,1071.3
3533,02/03/2024,02/09/2023,709.9,40,21,14908.0
3541,05/01/2024,05/01/2024,650.0,97,1,650.0
3551,24/01/2024,19/01/2024,450.0,78,3,1350.0
3553,03/03/2024,27/11/2023,1947.3,39,3,5842.0
3564,21/01/2024,12/09/2023,1131.0,81,6,6786.0
3584,03/03/2024,11/09/2023,1294.0,39,5,6470.0
3598,06/12/2023,04/09/2023,473.8,127,4,1895.0
3628,07/10/2023,07/10/2023,500.0,187,1,500.0
3637,14/11/2023,14/11/2023,3000.0,149,1,3000.0
3682,25/02/2024,17/10/2023,1000.0,46,2,2000.0
3700,29/02/2024,25/09/2023,373.6,42,9,3362.5
3705,28/02/2024,10/09/2023,449.1,43,14,6288.0
3720,25/02/2024,26/11/2023,5120.5,46,2,10241.0
3730,14/02/2024,22/09/2023,1100.3,57,4,4401.0
3744,15/02/2024,01/12/2023,689.0,56,2,1378.0
3758,04/01/2024,13/09/2023,319.1,98,7,2234.0
3763,04/12/2023,20/09/2023,631.5,129,6,3789.0
3766,20/02/2024,18/09/2023,1936.6,51,7,13556.0
3771,01/03/2024,03/09/2023,415.6,41,9,3740.0
3834,08/01/2024,08/01/2024,500.0,94,1,500.0
3858,15/02/2024,06/10/2023,602.3,56,3,1807.0
3860,09/02/2024,26/09/2023,238.0,62,2,476.0
3866,03/02/2024,03/02/2024,3000.0,68,1,3000.0
3924,13/02/2024,03/10/2023,331.6,58,8,2653.0
3925,02/03/2024,11/01/2024,1625.0,40,4,6500.0
3926,20/02/2024,30/09/2023,952.0,51,2,1904.0
3964,06/01/2024,02/10/2023,1160.1,96,5,5800.3
3980,18/02/2024,15/09/2023,984.7,53,4,3938.8
3999,24/01/2024,24/09/2023,1125.8,78,5,5629.0
4009,26/12/2023,26/12/2023,50.0,107,1,50.0
4059,19/10/2023,19/10/2023,570.0,175,1,570.0
4071,07/10/2023,07/10/2023,375.0,187,1,375.0
4086,16/01/2024,16/01/2024,758.5,86,1,758.5
4106,23/01/2024,23/01/2024,200.0,79,1,200.0
4126,08/01/2024,12/10/2023,267.2,94,3,801.5
4136,25/12/2023,05/10/2023,2225.0,108,4,8900.0
4170,22/01/2024,22/01/2024,900.0,80,2,1800.0
4178,16/10/2023,16/10/2023,227.0,178,1,227.0
4184,07/02/2024,07/02/2024,765.0,64,1,765.0
4187,01/02/2024,15/09/2023,1900.2,70,6,11401.0
4189,03/01/2024,26/09/2023,132.7,99,3,398.0
4198,15/02/2024,16/10/2023,1960.0,56,5,9800.0
4206,16/02/2024,20/09/2023,272.7,55,3,818.0
4211,26/02/2024,24/09/2023,1669.8,45,6,10019.0
4222,02/03/2024,30/09/2023,1181.2,40,5,5906.0
4267,19/02/2024,02/09/2023,1250.0,52,7,8750.0
4271,10/12/2023,10/12/2023,1890.4,123,1,1890.4
4273,20/11/2023,20/11/2023,1513.0,143,1,1513.0
4305,30/01/2024,13/09/2023,357.1,72,7,2500.0
4375,21/11/2023,21/11/2023,800.0,142,1,800.0
4381,21/11/2023,23/09/2023,518.5,142,2,1037.0
4385,20/09/2023,20/09/2023,5304.0,204,1,5304.0
4393,15/12/2023,15/12/2023,497.0,118,1,497.0
4395,12/02/2024,29/09/2023,2557.6,59,11,28134.0
4396,20/02/2024,06/09/2023,149.2,51,11,1641.1
4424,02/01/2024,06/09/2023,1337.3,100,4,5349.0
4433,29/02/2024,04/11/2023,762.2,42,5,3811.0
4486,21/02/2024,05/02/2024,304.5,50,2,609.0
4511,17/09/2023,17/09/2023,1000.0,207,1,1000.0
4530,02/12/2023,13/10/2023,1355.3,131,3,4066.0
4538,12/02/2024,17/01/2024,4050.0,59,4,16200.0
4540,03/03/2024,08/12/2023,1951.7,39,6,11710.0
4541,11/02/2024,20/09/2023,531.7,60,6,3190.0
4542,04/02/2024,07/11/2023,2081.0,67,4,8324.0
4555,15/02/2024,11/12/2023,2350.0,56,3,7050.0
4616,28/12/2023,07/10/2023,227.5,105,2,455.0
4639,16/11/2023,04/10/2023,2741.8,147,4,10967.0
4689,25/02/2024,16/10/2023,231.3,46,4,925.0
4691,18/11/2023,29/09/2023,1335.0,145,2,2670.0
4702,01/10/2023,01/10/2023,3000.0,193,1,3000.0
4710,10/10/2023,09/10/2023,1000.0,184,2,2000.0
4716,01/03/2024,23/02/2024,6250.0,41,2,12500.0
4749,28/10/2023,28/10/2023,1000.0,166,1,1000.0
4765,01/02/2024,03/10/2023,993.3,70,3,2980.0
4766,18/02/2024,18/02/2024,3800.0,53,1,3800.0
4803,25/12/2023,23/12/2023,299.0,108,2,598.0
4814,06/01/2024,06/01/2024,4000.0,96,1,4000.0
4823,21/11/2023,21/11/2023,50.0,142,1,50.0
4839,29/02/2024,08/09/2023,1250.5,42,11,13755.0
4841,23/12/2023,20/10/2023,427.0,110,5,2135.0
4850,22/02/2024,30/09/2023,926.2,49,3,2778.7
4880,12/01/2024,18/09/2023,511.0,90,3,1533.0
4882,01/03/2024,19/10/2023,250.0,41,4,1000.0
4889,22/02/2024,01/10/2023,441.4,49,5,2207.0
4895,06/11/2023,06/11/2023,2500.0,157,1,2500.0
4897,03/02/2024,18/12/2023,3480.0,68,2,6960.0
4905,03/03/2024,30/09/2023,2912.5,39,2,5825.0
4948,01/10/2023,23/09/2023,371.5,193,2,743.0
4956,20/01/2024,19/09/2023,131.6,82,5,658.0
4957,03/11/2023,03/11/2023,1500.0,160,1,1500.0
4976,15/02/2024,17/10/2023,1141.2,56,8,9129.3
5026,05/01/2024,15/09/2023,335.0,97,6,2010.0
5036,29/02/2024,20/09/2023,95.9,42,7,671.0
5048,26/02/2024,20/12/2023,850.0,45,2,1700.0
5065,26/12/2023,08/09/2023,2100.0,107,5,10500.0
5066,07/01/2024,26/12/2023,398.0,95,2,795.9
5092,29/02/2024,01/10/2023,3409.8,42,4,13639.0
5125,09/01/2024,01/10/2023,734.7,93,3,2204.1
5127,18/02/2024,18/02/2024,417.2,53,1,417.2
5139,11/01/2024,02/09/2023,1133.8,91,4,4535.0
5231,03/01/2024,08/10/2023,2450.0,99,2,4900.0
5284,09/11/2023,09/11/2023,483.6,154,1,483.6
5290,21/02/2024,02/10/2023,377.5,50,4,1510.0
5297,19/02/2024,19/02/2024,200.0,52,1,200.0
5332,03/03/2024,28/09/2023,1065.4,39,6,6392.2
5385,24/01/2024,14/11/2023,310.0,78,2,620.0
5389,01/03/2024,03/09/2023,1238.2,41,10,12382.0
5403,24/02/2024,18/10/2023,2768.3,47,3,8305.0
5417,03/01/2024,15/10/2023,874.3,99,4,3497.0
5478,01/03/2024,01/03/2024,250.0,41,2,500.0
5498,17/02/2024,21/09/2023,826.3,54,4,3305.0
5550,09/01/2024,19/09/2023,1780.0,93,5,8900.0
5561,21/02/2024,13/09/2023,469.3,50,7,3285.0
5571,18/10/2023,26/09/2023,549.5,176,6,3297.1
5572,15/01/2024,15/01/2024,1000.0,87,1,1000.0
5573,18/02/2024,04/10/2023,2000.0,53,2,4000.0
5574,01/03/2024,15/10/2023,3600.0,41,6,21600.0
5589,21/11/2023,04/09/2023,2150.1,142,8,17201.0
5607,23/12/2023,11/10/2023,1376.0,110,5,6880.0
5608,20/02/2024,23/01/2024,380.5,51,2,761.0
5614,28/01/2024,28/09/2023,533.3,74,3,1600.0
5619,24/02/2024,12/10/2023,473.0,47,5,2365.0
5625,23/01/2024,22/12/2023,750.0,79,2,1500.0
5629,31/01/2024,31/01/2024,300.0,71,1,300.0
5633,04/02/2024,04/02/2024,2000.0,67,1,2000.0
5677,05/01/2024,18/10/2023,1084.5,97,4,4338.0
5687,13/02/2024,25/09/2023,1486.0,58,5,7430.0
5700,18/01/2024,29/09/2023,304.4,84,5,1522.0
5733,16/01/2024,16/01/2024,1892.0,86,4,7568.0
5796,26/02/2024,18/10/2023,359.6,45,5,1798.2
5797,19/01/2024,20/11/2023,750.0,83,2,1500.0
5800,26/02/2024,26/02/2024,1200.0,45,1,1200.0
5812,26/02/2024,11/10/2023,1218.9,45,8,9750.9
5859,14/02/2024,26/10/2023,135.4,57,4,541.5
5864,14/01/2024,15/10/2023,272.7,88,2,545.4
5866,11/11/2023,11/11/2023,800.0,152,1,800.0
5897,02/10/2023,02/10/2023,151.6,192,1,151.6
5934,09/11/2023,09/11/2023,400.0,154,1,400.0
5949,29/02/2024,06/09/2023,570.0,42,4,2280.0
5950,07/12/2023,07/12/2023,434.0,126,1,434.0
5957,14/12/2023,06/12/2023,1925.0,119,2,3850.0
5978,11/02/2024,24/01/2024,416.7,60,3,1250.0
5983,20/01/2024,20/01/2024,250.0,82,1,250.0
6002,19/02/2024,20/09/2023,637.5,52,4,2550.0
6003,22/01/2024,19/10/2023,878.5,80,2,1757.0
6006,17/02/2024,17/02/2024,2500.0,54,1,2500.0
6033,31/01/2024,17/09/2023,85.5,71,4,342.0
6035,01/12/2023,01/12/2023,999.0,132,1,999.0
6039,24/02/2024,01/10/2023,2482.4,47,8,19859.0
6044,26/02/2024,21/09/2023,668.6,45,8,5349.0
6054,02/03/2024,06/09/2023,1000.0,40,7,7000.0
6058,11/01/2024,11/01/2024,1400.0,91,1,1400.0
6062,24/01/2024,04/10/2023,950.0,78,4,3800.0
6110,16/01/2024,27/12/2023,199.5,86,2,399.0
6138,28/02/2024,28/02/2024,9129.0,43,1,9129.0
6187,04/12/2023,17/10/2023,528.1,129,2,1056.2
6189,07/02/2024,04/12/2023,520.0,64,3,1560.0
6196,16/10/2023,16/10/2023,540.0,178,1,540.0
6199,05/12/2023,05/12/2023,500.0,128,1,500.0
6201,01/02/2024,09/09/2023,327.3,70,8,2618.0
6233,01/03/2024,09/10/2023,939.5,41,6,5637.0
6241,20/02/2024,16/11/2023,98.0,51,11,1077.6
6267,17/01/2024,26/09/2023,1800.0,85,3,5400.0
6281,22/02/2024,11/10/2023,2866.0,49,5,14330.0
6300,30/01/2024,16/09/2023,300.0,72,5,1500.0
6315,12/02/2024,07/02/2024,354.0,59,2,708.0
6320,25/02/2024,08/09/2023,1250.5,46,6,7503.0
6326,11/02/2024,30/09/2023,2266.7,60,3,6800.0
6353,12/09/2023,02/09/2023,294.5,212,2,589.0
6354,11/02/2024,12/09/2023,4995.3,60,4,19981.0
6357,23/02/2024,02/09/2023,1034.4,48,13,13447.0
6358,24/09/2023,24/09/2023,760.0,200,1,760.0
6389,09/01/2024,08/01/2024,801.0,93,2,1602.0
6394,18/12/2023,18/12/2023,400.0,115,1,400.0
6403,18/02/2024,18/02/2024,3045.0,53,1,3045.0
6408,21/01/2024,10/01/2024,3188.3,81,6,19130.0
6422,19/02/2024,19/02/2024,115.0,52,1,115.0
6450,06/02/2024,05/11/2023,970.0,65,2,1940.0
6453,08/01/2024,08/01/2024,660.0,94,1,660.0
6456,23/12/2023,04/09/2023,120.0,110,3,360.0
6485,02/01/2024,02/01/2024,2500.0,100,1,2500.0
6487,19/02/2024,13/09/2023,557.8,52,4,2231.0
6500,08/01/2024,12/10/2023,750.0,94,2,1500.0
6520,06/02/2024,03/12/2023,99.0,65,3,297.0
6521,06/01/2024,08/10/2023,189.8,96,2,379.5
6541,22/11/2023,22/11/2023,3000.0,141,1,3000.0
6579,14/02/2024,14/02/2024,200.0,57,1,200.0
6593,18/02/2024,18/02/2024,1000.0,53,1,1000.0
6608,25/12/2023,01/10/2023,1019.6,108,5,5098.0
6610,26/09/2023,26/09/2023,1702.7,198,2,3405.4
6616,16/10/2023,04/09/2023,418.0,178,3,1254.0
6645,28/02/2024,12/09/2023,213.0,43,23,4900.0
6655,23/12/2023,23/12/2023,114.0,110,1,114.0
6660,07/02/2024,07/02/2024,500.0,64,1,500.0
6672,04/01/2024,11/12/2023,1314.0,98,2,2628.0
6689,12/12/2023,13/09/2023,556.3,121,4,2225.0
6728,12/10/2023,12/10/2023,300.0,182,1,300.0
6732,28/02/2024,06/11/2023,610.0,43,5,3050.0
6735,20/02/2024,30/11/2023,2051.0,51,4,8204.0
6741,25/01/2024,27/11/2023,75.5,77,2,151.0
6768,17/12/2023,11/09/2023,346.6,116,3,1039.7
6793,04/12/2023,24/09/2023,1623.3,129,4,6493.0
6809,18/02/2024,07/09/2023,239.0,53,6,1434.0
6820,07/01/2024,07/01/2024,460.0,95,1,460.0
6824,12/02/2024,14/09/2023,545.8,59,10,5458.0
6828,05/11/2023,13/09/2023,399.0,158,2,798.0
6883,13/02/2024,26/09/2023,700.8,58,11,7708.5
6889,02/03/2024,29/09/2023,300.3,40,19,5706.0
6890,19/11/2023,19/11/2023,76.0,144,1,76.0
6906,29/02/2024,20/09/2023,5023.2,42,9,45208.7
6916,01/03/2024,18/09/2023,580.1,41,16,9281.5
6918,01/01/2024,09/09/2023,1200.4,101,4,4801.6
6937,10/09/2023,10/09/2023,410.0,214,1,410.0
6971,16/02/2024,25/12/2023,344.0,55,3,1032.0
6990,14/12/2023,14/12/2023,152.0,119,1,152.0
7008,25/01/2024,12/11/2023,5037.8,77,3,15113.5
7035,26/02/2024,11/12/2023,4823.5,45,17,82000.0
7036,03/03/2024,09/10/2023,316.4,39,7,2214.5
7040,07/01/2024,03/10/2023,1566.7,95,3,4700.0
7041,17/02/2024,23/01/2024,686.3,54,3,2059.0
7049,24/02/2024,01/09/2023,176.3,47,10,1763.0
7052,10/11/2023,12/09/2023,300.0,153,4,1200.0
7061,25/10/2023,25/10/2023,150.0,169,2,300.0
7062,26/09/2023,26/09/2023,510.0,198,1,510.0
7065,24/02/2024,09/01/2024,821.4,47,5,4107.0
7066,17/02/2024,17/02/2024,560.0,54,1,560.0
7079,11/02/2024,07/10/2023,1713.3,60,6,10280.0
7080,02/03/2024,27/09/2023,290.0,40,5,1450.0
7083,27/02/2024,10/11/2023,297.5,44,4,1189.8
7104,28/02/2024,09/10/2023,993.0,43,8,7944.0
7117,25/02/2024,18/09/2023,555.0,46,4,2220.0
7122,12/01/2024,01/11/2023,690.0,90,2,1380.0
7124,10/02/2024,28/10/2023,362.5,61,4,1450.0
7147,03/03/2024,03/10/2023,1156.9,39,9,10412.0
7174,24/02/2024,09/01/2024,438.8,47,3,1316.3
7207,14/02/2024,29/09/2023,359.8,57,4,1439.0
7228,29/01/2024,28/01/2024,2944.5,73,2,5889.0
7229,05/11/2023,19/09/2023,600.0,158,2,1200.0
7292,07/12/2023,07/12/2023,312.0,126,1,312.0
7307,25/01/2024,25/01/2024,500.0,77,1,500.0
7336,08/11/2023,09/10/2023,246.0,155,2,491.9
7387,31/01/2024,06/09/2023,652.5,71,4,2610.0
7403,05/02/2024,15/10/2023,299.2,66,4,1196.7
7497,19/02/2024,19/02/2024,100.0,52,1,100.0
7513,19/02/2024,21/09/2023,745.0,52,3,2235.0
7531,08/02/2024,24/09/2023,171.0,63,4,684.0
7552,06/10/2023,06/10/2023,800.0,188,1,800.0
7584,21/02/2024,10/09/2023,363.9,50,11,4003.0
7614,02/01/2024,01/09/2023,800.0,100,3,2400.0
7652,11/12/2023,07/12/2023,4500.0,122,2,9000.0
7673,14/10/2023,01/10/2023,56.8,180,2,113.6
7674,10/09/2023,10/09/2023,304.0,214,1,304.0
7677,12/11/2023,12/11/2023,310.0,151,1,310.0
7699,07/02/2024,23/12/2023,834.3,64,2,1668.7
7722,06/12/2023,22/10/2023,146.9,127,3,440.6
7744,17/01/2024,09/10/2023,414.3,85,3,1243.0
7751,05/11/2023,05/11/2023,500.0,158,1,500.0
7785,05/02/2024,13/10/2023,833.2,66,2,1666.3
7803,02/03/2024,22/11/2023,614.6,40,10,6146.1
7850,28/11/2023,28/11/2023,1000.0,135,1,1000.0
7851,23/02/2024,05/10/2023,1422.0,48,4,5688.0
7856,25/02/2024,23/11/2023,693.8,46,15,10407.2
7879,23/02/2024,07/09/2023,675.0,48,4,2700.0
7886,17/02/2024,08/09/2023,352.1,54,8,2817.0
7890,20/02/2024,20/02/2024,133.1,51,2,266.2
7905,07/01/2024,19/09/2023,4359.0,95,6,26154.0
7914,22/02/2024,26/09/2023,256.9,49,9,2312.0
7916,22/01/2024,22/01/2024,1000.0,80,1,1000.0
7926,09/02/2024,21/09/2023,3310.1,62,11,36410.7
7929,20/12/2023,15/09/2023,1362.5,113,2,2725.0
7941,22/02/2024,22/02/2024,900.0,49,1,900.0
7952,18/10/2023,10/09/2023,133.0,176,2,266.0
7972,11/12/2023,11/12/2023,797.0,122,1,797.0
7981,21/01/2024,08/12/2023,334.3,81,2,668.6
7983,22/12/2023,13/10/2023,50.5,111,4,202.0
7990,23/02/2024,23/02/2024,762.0,48,1,762.0
8003,17/10/2023,11/10/2023,1000.0,177,2,2000.0
8008,26/01/2024,23/01/2024,7500.0,76,7,52500.0
8061,16/01/2024,06/10/2023,2100.0,86,5,10500.0
8065,01/03/2024,16/10/2023,1208.7,41,18,21756.1
8066,29/01/2024,29/01/2024,570.0,73,1,570.0
8072,10/02/2024,06/09/2023,402.0,61,4,1608.0
8094,13/11/2023,17/10/2023,135.0,150,2,270.0
8105,11/02/2024,11/09/2023,231.3,60,3,694.0
8119,18/12/2023,24/09/2023,1843.3,115,3,5530.0
8140,31/01/2024,17/09/2023,2811.8,71,5,14059.0
8151,07/01/2024,20/09/2023,1333.3,95,6,8000.0
8160,16/01/2024,08/09/2023,1186.3,86,3,3559.0
8163,09/01/2024,29/09/2023,499.8,93,4,1999.0
8171,24/12/2023,11/09/2023,5924.8,109,5,29624.0
8179,21/02/2024,16/09/2023,2550.0,50,2,5100.0
8197,17/02/2024,17/02/2024,757.1,54,1,757.1
8215,06/11/2023,23/09/2023,798.0,157,4,3192.0
8216,05/11/2023,04/10/2023,99.5,158,2,199.0
8220,16/10/2023,11/09/2023,1319.8,178,4,5279.0
8273,13/02/2024,02/09/2023,581.6,58,10,5816.0
8300,03/03/2024,16/10/2023,912.0,39,5,4560.0
8306,05/02/2024,20/12/2023,812.5,66,4,3250.0
8315,07/12/2023,07/09/2023,450.0,126,2,900.0
8328,09/10/2023,09/10/2023,250.0,185,1,250.0
8329,15/10/2023,15/10/2023,500.0,179,1,500.0
8331,13/12/2023,20/09/2023,671.3,120,3,2014.0
8370,15/11/2023,09/11/2023,1250.0,148,2,2500.0
8389,03/03/2024,10/09/2023,172.5,39,6,1035.0
8398,13/12/2023,13/12/2023,2500.0,120,1,2500.0
8405,06/09/2023,06/09/2023,100.0,218,1,100.0
8413,01/03/2024,26/09/2023,1097.1,41,8,8777.0
8459,09/02/2024,09/10/2023,294.5,62,4,1178.0
8467,30/01/2024,11/01/2024,190.0,72,2,380.0
8488,04/01/2024,05/09/2023,763.0,98,5,3815.1
8499,28/02/2024,17/02/2024,2402.0,43,5,12010.0
8539,24/12/2023,18/09/2023,1031.5,109,4,4126.0
8561,31/01/2024,18/10/2023,262.0,71,5,1310.0
8567,09/02/2024,10/09/2023,207.0,62,5,1035.0
8577,06/10/2023,06/10/2023,757.0,188,1,757.0
8585,25/10/2023,25/10/2023,700.0,169,1,700.0
8603,18/02/2024,27/09/2023,687.5,53,4,2750.0
8615,07/11/2023,07/11/2023,189.0,156,1,189.0
8629,25/02/2024,08/09/2023,2470.0,46,4,9880.0
8660,06/01/2024,18/10/2023,342.5,96,2,685.0
8663,06/11/2023,06/11/2023,250.0,157,1,250.0
8708,10/02/2024,05/02/2024,342.5,61,2,685.0
8709,12/02/2024,03/12/2023,493.8,59,3,1481.3
8716,25/09/2023,25/09/2023,250.0,199,2,500.0
8722,05/10/2023,05/10/2023,3000.0,189,1,3000.0
8742,24/02/2024,07/09/2023,429.6,47,9,3866.0
8751,18/10/2023,18/10/2023,920.0,176,1,920.0
8784,09/10/2023,09/10/2023,2000.0,185,1,2000.0
8792,13/02/2024,10/01/2024,520.0,58,2,1040.0
8797,30/01/2024,30/01/2024,3000.0,72,1,3000.0
8828,20/11/2023,17/10/2023,1165.0,143,3,3495.0
8853,03/01/2024,14/09/2023,2187.3,99,5,10936.3
8855,16/02/2024,04/01/2024,5525.0,55,2,11050.0
8865,23/11/2023,02/09/2023,1988.0,140,4,7952.0
8872,22/12/2023,12/11/2023,350.0,111,2,700.0
8889,28/02/2024,28/02/2024,68.5,43,1,68.5
8907,09/01/2024,07/11/2023,380.0,93,3,1140.0
8923,01/02/2024,12/09/2023,510.8,70,6,3065.0
8931,17/01/2024,17/01/2024,3001.0,85,1,3001.0
8939,18/02/2024,03/09/2023,760.3,53,8,6082.0
8951,15/12/2023,14/12/2023,4325.0,118,2,8650.0
8988,03/02/2024,12/09/2023,811.1,68,3,2433.4
8992,23/12/2023,08/12/2023,505.5,110,2,1011.0
9016,17/10/2023,17/10/2023,190.0,177,1,190.0
9023,21/02/2024,05/10/2023,315.0,50,2,630.0
9024,19/11/2023,11/10/2023,1703.4,144,5,8517.0
9063,29/02/2024,20/09/2023,305.7,42,7,2139.6
9088,26/01/2024,17/11/2023,379.5,76,2,759.0
9091,01/03/2024,16/01/2024,445.0,41,2,890.0
9118,30/12/2023,26/09/2023,304.8,103,5,1524.0
9120,28/01/2024,21/12/2023,149.7,74,3,449.0
9128,09/01/2024,20/09/2023,747.9,93,3,2243.8
9149,09/01/2024,09/01/2024,1000.0,93,1,1000.0
9188,06/02/2024,06/02/2024,1520.0,65,1,1520.0
9195,07/02/2024,15/09/2023,162.5,64,4,650.0
9212,03/10/2023,03/10/2023,7560.0,191,1,7560.0
9215,17/01/2024,16/09/2023,1305.0,85,7,9135.0
9223,16/02/2024,16/02/2024,500.0,55,1,500.0
9232,05/12/2023,05/12/2023,600.0,128,1,600.0
9239,31/12/2023,31/12/2023,380.0,102,1,380.0
9241,05/01/2024,05/10/2023,1402.0,97,4,5608.0
9247,05/02/2024,05/02/2024,230.0,66,1,230.0
9312,17/01/2024,16/01/2024,209.5,85,2,419.0
9340,14/01/2024,15/10/2023,514.8,88,4,2059.0
9365,04/10/2023,04/10/2023,600.0,190,1,600.0
9379,02/01/2024,02/01/2024,120.0,100,1,120.0
9402,05/11/2023,12/10/2023,172.0,158,2,344.0
9405,18/10/2023,18/10/2023,100.0,176,1,100.0
9412,29/02/2024,11/10/2023,643.6,42,9,5792.0
9423,19/02/2024,29/12/2023,1500.0,52,2,3000.0
9426,02/02/2024,25/11/2023,1553.3,69,3,4660.0
9429,14/01/2024,11/09/2023,1106.8,88,9,9961.0
9450,12/12/2023,15/10/2023,568.8,121,4,2275.0
9459,26/02/2024,06/12/2023,525.6,45,5,2627.9
9475,27/01/2024,08/09/2023,1465.7,75,3,4397.0
9519,03/03/2024,19/11/2023,3626.5,39,4,14506.0
9522,13/10/2023,13/10/2023,7533.3,181,3,22600.0
9539,22/02/2024,18/09/2023,191.1,49,14,2675.0
9541,07/02/2024,08/01/2024,3835.0,64,2,7670.0
9542,30/10/2023,30/10/2023,379.0,164,1,379.0
9550,09/02/2024,13/10/2023,359.7,62,3,1079.0
9554,12/02/2024,29/10/2023,543.6,59,5,2718.0
9565,14/02/2024,22/12/2023,1766.8,57,5,8833.8
9569,06/02/2024,06/02/2024,2000.0,65,1,2000.0
9596,08/12/2023,04/10/2023,194.0,125,3,582.0
9601,09/02/2024,27/09/2023,7559.5,62,4,30237.8
9605,10/12/2023,04/11/2023,325.0,123,2,650.0
9633,30/12/2023,15/10/2023,932.5,103,2,1865.0
9639,21/02/2024,17/09/2023,646.1,50,8,5169.0
9671,18/12/2023,18/12/2023,200.0,115,1,200.0
9680,27/12/2023,27/12/2023,2500.0,106,1,2500.0
9692,20/02/2024,29/01/2024,400.0,51,2,800.0
9728,10/02/2024,26/09/2023,479.5,61,4,1917.9
9739,29/11/2023,16/09/2023,291.0,134,7,2037.0
9761,26/01/2024,26/01/2024,1010.0,76,2,2020.0
9792,03/02/2024,14/09/2023,2558.0,68,5,12790.0
9795,30/01/2024,29/01/2024,2662.5,72,2,5325.0
9804,14/02/2024,14/02/2024,2000.0,57,1,2000.0
9826,11/02/2024,18/10/2023,1592.5,60,4,6370.0
9845,13/09/2023,13/09/2023,100.0,211,1,100.0
9854,29/02/2024,05/09/2023,818.2,42,4,3272.6
9855,06/02/2024,04/02/2024,3750.0,65,2,7500.0
9865,03/03/2024,03/02/2024,95.1,39,2,190.3
9962,08/01/2024,06/10/2023,696.7,94,3,2090.0
9964,11/02/2024,09/10/2023,3100.0,60,4,12400.0
9978,16/01/2024,28/10/2023,2145.0,86,2,4290.0
10089,02/03/2024,28/09/2023,1132.9,40,12,13595.3
10118,04/02/2024,04/02/2024,478.5,67,2,957.0
10146,14/02/2024,01/02/2024,350.0,57,3,1050.0
10179,05/09/2023,05/09/2023,1800.0,219,1,1800.0
10185,05/10/2023,05/10/2023,40.0,189,1,40.0
10204,03/09/2023,03/09/2023,191.0,221,1,191.0
10212,13/01/2024,21/09/2023,1330.8,89,5,6654.0
10227,10/11/2023,13/09/2023,724.9,153,4,2899.7
10231,22/11/2023,08/10/2023,882.0,141,3,2646.0
10247,08/02/2024,08/02/2024,2657.0,63,1,2657.0
10291,04/12/2023,04/12/2023,760.0,129,1,760.0
10308,15/02/2024,03/10/2023,2283.1,56,8,18264.7
10310,31/12/2023,31/12/2023,760.0,102,1,760.0
10314,14/11/2023,12/09/2023,366.7,149,3,1100.1
10325,19/02/2024,19/02/2024,840.0,52,1,840.0
10336,05/01/2024,26/09/2023,650.0,97,5,3250.0
10338,09/11/2023,26/10/2023,600.0,154,2,1200.0
10351,16/02/2024,03/10/2023,110.8,55,6,665.0
10386,19/12/2023,12/12/2023,3152.0,114,3,9456.0
10398,21/02/2024,05/10/2023,464.6,50,5,2323.0
10415,03/11/2023,03/11/2023,1100.0,160,1,1100.0
10432,25/02/2024,15/10/2023,2212.9,46,7,15490.0
10493,29/02/2024,07/09/2023,689.7,42,7,4828.0
10563,24/02/2024,24/02/2024,3000.0,47,1,3000.0
10581,25/09/2023,13/09/2023,5000.0,199,2,10000.0
10624,12/01/2024,25/09/2023,611.3,90,5,3056.7
10644,23/02/2024,24/09/2023,2600.4,48,5,13001.9
10646,15/10/2023,15/10/2023,380.0,179,1,380.0
10647,02/01/2024,20/11/2023,1182.5,100,2,2365.0
10649,24/02/2024,02/01/2024,490.0,47,3,1470.0
10652,27/02/2024,27/02/2024,2500.0,44,1,2500.0
10667,29/02/2024,09/10/2023,667.3,42,6,4004.0
10684,02/01/2024,24/09/2023,1333.3,100,3,4000.0
10685,29/02/2024,12/09/2023,328.1,42,11,3609.0
10699,26/02/2024,27/09/2023,1607.7,45,10,16077.4
10701,08/02/2024,17/09/2023,3918.2,63,11,43100.0
10712,30/01/2024,21/12/2023,41.0,72,2,82.0
10731,23/01/2024,05/10/2023,271.1,79,5,1355.4
10767,02/01/2024,12/10/2023,468.7,100,3,1406.0
10770,05/10/2023,05/10/2023,1800.0,189,1,1800.0
10783,07/01/2024,11/10/2023,1239.3,95,3,3718.0
10789,23/01/2024,11/10/2023,1202.3,79,3,3607.0
10835,03/01/2024,03/01/2024,300.0,99,1,300.0
10847,16/02/2024,16/02/2024,200.0,55,1,200.0
10862,01/02/2024,25/09/2023,379.3,70,5,1896.5
10874,13/10/2023,13/10/2023,518.0,181,1,518.0
10883,29/02/2024,29/02/2024,85.5,42,1,85.5
10903,17/12/2023,10/12/2023,675.0,116,2,1350.0
10911,12/11/2023,12/11/2023,114.0,151,1,114.0
10935,28/02/2024,13/09/2023,1852.1,43,8,14817.0
10961,16/09/2023,16/09/2023,800.0,208,1,800.0
10965,23/01/2024,23/01/2024,2280.0,79,1,2280.0
10971,23/02/2024,23/02/2024,345.0,48,1,345.0
10973,19/12/2023,09/11/2023,284.0,114,2,568.0
10981,29/01/2024,29/01/2024,300.0,73,1,300.0
10993,02/03/2024,03/11/2023,3731.3,40,10,37313.0
11035,06/02/2024,06/02/2024,1000.0,65,1,1000.0
11036,17/12/2023,02/09/2023,1390.0,116,2,2780.0
11039,25/09/2023,25/09/2023,3000.0,199,1,3000.0
11051,11/02/2024,07/10/2023,214.7,60,11,2362.0
11055,16/02/2024,13/09/2023,817.4,55,7,5722.0
11059,24/02/2024,11/09/2023,176.9,47,10,1769.0
11069,25/01/2024,19/09/2023,433.3,77,3,1300.0
11078,09/02/2024,11/09/2023,224.3,62,10,2243.0
11084,17/11/2023,08/11/2023,5000.0,146,2,10000.0
11132,17/09/2023,17/09/2023,4551.3,207,1,4551.3
11183,10/02/2024,15/10/2023,547.5,61,8,4380.0
11192,04/02/2024,26/10/2023,226.0,67,3,678.0
11210,02/11/2023,19/09/2023,3122.0,161,2,6244.0
11218,30/01/2024,19/10/2023,501.8,72,6,3011.1
11225,23/02/2024,10/09/2023,205.8,48,18,3704.9
11241,23/01/2024,16/01/2024,5849.6,79,5,29247.8
11258,24/11/2023,06/11/2023,587.0,139,2,1174.0
11267,02/03/2024,05/09/2023,1884.8,40,12,22618.0
11276,21/02/2024,21/02/2024,200.0,50,1,200.0
11285,09/01/2024,06/09/2023,183.3,93,3,550.0
11289,02/09/2023,02/09/2023,3000.0,222,1,3000.0
11297,25/11/2023,25/11/2023,50.0,138,1,50.0
11304,15/10/2023,15/10/2023,1490.0,179,1,1490.0
11317,15/02/2024,05/10/2023,743.1,56,8,5945.0
11323,21/02/2024,14/09/2023,2818.0,50,8,22544.0
11324,21/01/2024,10/10/2023,662.0,81,5,3310.0
11331,15/02/2024,15/02/2024,800.0,56,1,800.0
11368,20/01/2024,14/09/2023,215.0,82,2,430.0
11370,16/09/2023,16/09/2023,1000.0,208,1,1000.0
11380,15/02/2024,15/09/2023,875.0,56,2,1750.0
11398,09/01/2024,09/01/2024,760.0,93,1,760.0
11400,27/11/2023,10/10/2023,4428.6,136,7,31000.0
11441,23/12/2023,09/10/2023,1054.0,110,4,4216.0
11453,24/01/2024,10/09/2023,4062.5,78,8,32500.0
11457,10/02/2024,16/10/2023,916.7,61,3,2750.0
11460,05/10/2023,05/10/2023,1000.0,189,1,1000.0
11464,16/12/2023,11/09/2023,2138.6,117,11,23525.0
11484,07/02/2024,06/10/2023,179.6,64,5,898.0
11486,22/11/2023,13/09/2023,220.0,141,2,440.0
11519,01/03/2024,09/09/2023,2600.0,41,5,13000.0
11529,23/10/2023,23/10/2023,250.0,171,1,250.0
11530,11/09/2023,07/09/2023,7572.5,213,2,15145.0
11548,14/12/2023,11/10/2023,2350.0,119,2,4700.0
11559,08/09/2023,08/09/2023,1150.0,216,1,1150.0
11577,27/01/2024,30/09/2023,734.1,75,11,8075.0
11583,09/09/2023,09/09/2023,238.0,215,2,476.0
11585,27/12/2023,27/12/2023,230.0,106,1,230.0
11590,21/11/2023,14/10/2023,1880.0,142,2,3760.0
11598,21/01/2024,01/09/2023,2954.3,81,6,17725.5
11607,26/02/2024,01/09/2023,932.8,45,12,11194.0
11666,19/02/2024,18/10/2023,491.7,52,6,2950.0
11688,12/09/2023,12/09/2023,250.0,212,1,250.0
11705,13/01/2024,13/01/2024,152.2,89,1,152.2
11708,18/09/2023,18/09/2023,3028.2,206,1,3028.2
11735,05/02/2024,13/09/2023,258.2,66,6,1549.0
11766,28/10/2023,28/10/2023,205.0,166,1,205.0
11801,02/01/2024,14/09/2023,456.5,100,7,3195.3
11815,24/02/2024,07/09/2023,899.9,47,4,3599.6
11848,17/10/2023,28/09/2023,2753.3,177,3,8260.0
11892,24/12/2023,17/09/2023,3940.0,109,4,15760.0
11895,03/01/2024,16/10/2023,750.0,99,2,1500.0
11909,15/01/2024,03/09/2023,1874.5,87,8,14996.3
11916,31/01/2024,31/01/2024,700.0,71,1,700.0
11994,20/01/2024,29/10/2023,1207.5,82,2,2415.0
12002,26/10/2023,26/10/2023,200.0,168,1,200.0
12010,21/02/2024,21/02/2024,114.0,50,1,114.0
12101,06/02/2024,09/10/2023,219.8,65,6,1319.0
12111,21/02/2024,20/09/2023,1227.2,50,8,9817.6
12118,17/01/2024,28/09/2023,425.1,85,5,2125.5
12152,15/02/2024,11/09/2023,940.9,56,11,10350.0
12159,02/02/2024,10/12/2023,1517.0,69,2,3034.0
12163,29/02/2024,20/09/2023,1992.0,42,8,15936.2
12306,25/02/2024,26/10/2023,6375.0,46,4,25500.0
12321,19/02/2024,24/01/2024,168.3,52,3,505.0
12326,19/02/2024,16/01/2024,1637.5,52,2,3275.0
12338,14/02/2024,18/09/2023,53.1,57,6,318.4
12344,11/01/2024,11/01/2024,6000.0,91,1,6000.0
12398,04/10/2023,04/10/2023,2000.0,190,1,2000.0
12506,29/12/2023,29/12/2023,2500.0,104,1,2500.0
12536,28/01/2024,28/01/2024,400.0,74,1,400.0
12579,08/01/2024,02/10/2023,4217.4,94,5,21087.0
12617,27/11/2023,09/11/2023,208.0,136,2,415.9
12689,17/11/2023,17/11/2023,500.0,146,1,500.0
12697,19/11/2023,29/10/2023,964.7,144,3,2894.0
12745,07/12/2023,21/09/2023,2084.7,126,3,6254.0
12747,29/01/2024,06/11/2023,1000.0,73,2,2000.0
12758,27/11/2023,22/10/2023,256.5,136,3,769.4
12766,27/10/2023,27/10/2023,7000.0,167,1,7000.0
12775,26/02/2024,26/02/2024,500.0,45,1,500.0
12800,09/02/2024,08/02/2024,7589.5,62,2,15179.0
12816,16/02/2024,16/02/2024,7550.0,55,1,7550.0
12840,02/01/2024,03/10/2023,1341.2,100,9,12071.0
12854,01/03/2024,06/12/2023,336.0,41,5,1680.0
12887,29/01/2024,05/09/2023,457.1,73,7,3200.0
12889,04/10/2023,25/09/2023,6258.5,190,3,18775.6
12985,28/02/2024,12/02/2024,3240.0,43,5,16200.0
12996,25/02/2024,20/10/2023,242.8,46,4,971.0
13002,27/01/2024,14/10/2023,131.2,75,5,656.0
13079,23/01/2024,15/09/2023,235.0,79,7,1645.0
13093,21/01/2024,21/01/2024,9999.0,81,1,9999.0
13169,04/02/2024,04/02/2024,38.1,67,1,38.1
13197,13/02/2024,13/11/2023,315.0,58,4,1260.0
13207,05/02/2024,10/09/2023,635.0,66,16,10160.0
13211,23/01/2024,23/01/2024,264.0,79,1,264.0
13350,26/01/2024,11/10/2023,571.7,76,3,1715.0
13388,14/12/2023,19/10/2023,206.7,119,3,620.0
13400,01/01/2024,16/10/2023,399.8,101,4,1599.0
13516,19/02/2024,19/02/2024,120.0,52,1,120.0
13530,13/11/2023,08/11/2023,221.0,150,2,442.0
13657,20/02/2024,18/10/2023,1053.0,51,5,5265.0
13662,04/02/2024,02/11/2023,1940.3,67,4,7761.4
13664,26/02/2024,26/10/2023,466.2,45,5,2331.0
13743,03/02/2024,29/01/2024,147.5,68,2,295.0
13810,29/12/2023,30/09/2023,375.0,104,4,1500.0
13824,16/02/2024,30/11/2023,2266.7,55,3,6800.0
13839,10/02/2024,24/01/2024,2479.0,61,2,4958.0
13843,17/01/2024,20/09/2023,1733.3,85,3,5200.0
13851,25/02/2024,20/09/2023,517.8,46,5,2589.0
13853,18/02/2024,12/11/2023,1000.5,53,2,2001.0
13859,27/02/2024,12/01/2024,613.8,44,4,2455.0
13900,25/11/2023,21/09/2023,730.8,138,4,2923.0
13910,20/10/2023,15/10/2023,7500.0,174,2,15000.0
13918,16/02/2024,14/11/2023,1816.7,55,3,5450.0
13933,29/12/2023,01/09/2023,2028.0,104,2,4056.0
13939,15/02/2024,09/09/2023,994.3,56,3,2983.0
13969,27/02/2024,30/11/2023,1266.7,44,3,3800.0
13971,27/02/2024,23/02/2024,275.0,44,2,550.0
13980,23/02/2024,01/10/2023,500.0,48,6,3000.0
13991,05/02/2024,11/12/2023,1170.2,66,3,3510.6
14007,02/01/2024,10/10/2023,1765.0,100,4,7060.0
16165,04/10/2023,04/10/2023,398.0,190,1,398.0
16211,29/02/2024,27/10/2023,165.0,42,2,330.0
16268,01/03/2024,26/09/2023,1198.4,41,8,9587.0
16300,30/01/2024,12/10/2023,600.0,72,3,1800.0
16338,14/10/2023,14/10/2023,6500.0,180,1,6500.0
16383,21/02/2024,28/09/2023,118.3,50,8,946.0
16396,15/10/2023,15/10/2023,800.0,179,1,800.0
16424,26/12/2023,26/12/2023,3793.0,107,1,3793.0
16467,18/10/2023,18/10/2023,700.0,176,1,700.0
16495,11/01/2024,01/10/2023,440.0,91,5,2200.0
16596,24/02/2024,08/09/2023,240.0,47,4,960.0
16640,11/02/2024,25/09/2023,177.0,60,5,885.0
16661,14/02/2024,15/09/2023,593.3,57,6,3560.0
16693,11/12/2023,16/10/2023,1445.0,122,2,2890.0
16696,16/02/2024,13/09/2023,1003.3,55,3,3009.9
16727,04/02/2024,16/10/2023,1183.4,67,5,5917.0
16823,05/01/2024,05/01/2024,1506.9,97,1,1506.9
16831,15/02/2024,15/09/2023,377.0,56,6,2262.0
16878,17/02/2024,13/10/2023,4700.0,54,2,9400.0
16897,04/01/2024,04/01/2024,608.0,98,1,608.0
16912,15/01/2024,15/01/2024,190.3,87,1,190.3
16927,02/01/2024,27/11/2023,961.7,100,3,2885.0
16968,25/02/2024,17/02/2024,1140.0,46,2,2280.0
17044,28/01/2024,26/09/2023,846.0,74,5,4230.0
17055,19/02/2024,18/09/2023,330.6,52,21,6941.6
17093,23/11/2023,05/11/2023,570.0,140,3,1710.0
17132,23/10/2023,23/10/2023,1350.0,171,1,1350.0
17204,30/01/2024,04/09/2023,1703.0,72,5,8515.0
17235,23/02/2024,01/10/2023,512.2,48,13,6658.1
17237,01/10/2023,01/10/2023,950.0,193,1,950.0
17252,10/01/2024,10/01/2024,50.0,92,1,50.0
17256,20/09/2023,20/09/2023,3000.0,204,1,3000.0
17366,12/10/2023,12/10/2023,500.0,182,1,500.0
17400,18/12/2023,18/12/2023,152.0,115,1,152.0
17411,10/12/2023,10/12/2023,779.0,123,1,779.0
17413,28/09/2023,28/09/2023,500.0,196,1,500.0
17424,17/02/2024,17/02/2024,1000.0,54,1,1000.0
17433,20/01/2024,20/01/2024,1000.0,82,1,1000.0
17434,19/02/2024,20/09/2023,428.6,52,7,3000.0
17475,05/02/2024,05/02/2024,1150.0,66,1,1150.0
17480,24/02/2024,28/09/2023,276.3,47,7,1934.1
17509,29/09/2023,29/09/2023,300.0,195,1,300.0
17516,16/10/2023,16/10/2023,80.0,178,1,80.0
17579,26/01/2024,02/10/2023,457.6,76,5,2288.0
17586,03/03/2024,13/10/2023,896.0,39,3,2688.0
17642,07/01/2024,13/11/2023,1632.1,95,4,6528.5
17665,13/02/2024,13/02/2024,200.0,58,1,200.0
17668,20/02/2024,17/12/2023,1397.5,51,2,2795.0
17712,25/02/2024,25/02/2024,2000.0,46,1,2000.0
17745,27/02/2024,29/09/2023,974.4,44,14,13642.0
17749,21/09/2023,21/09/2023,250.0,203,1,250.0
17817,20/09/2023,20/09/2023,300.0,204,1,300.0
17824,12/10/2023,12/10/2023,380.0,182,1,380.0
17825,18/12/2023,08/09/2023,1000.0,115,2,2000.0
17839,10/11/2023,20/10/2023,90.0,153,3,269.9
17843,20/02/2024,20/09/2023,673.4,51,7,4714.0
17858,02/12/2023,17/09/2023,333.0,131,5,1665.0
17885,31/10/2023,11/10/2023,5199.5,163,2,10399.0
17891,31/01/2024,03/10/2023,1757.5,71,2,3515.0
17899,17/01/2024,17/01/2024,200.0,85,1,200.0
17926,16/02/2024,06/10/2023,2670.0,55,5,13350.0
17954,12/02/2024,03/09/2023,414.9,59,7,2904.0
17956,08/10/2023,08/10/2023,700.0,186,1,700.0
17967,10/02/2024,07/10/2023,1301.7,61,6,7810.0
18088,03/03/2024,03/03/2024,5000.0,39,1,5000.0
18105,07/01/2024,20/09/2023,289.0,95,2,578.0
18143,05/01/2024,05/01/2024,7500.0,97,1,7500.0
18219,20/11/2023,10/09/2023,930.3,143,3,2791.0
18239,18/02/2024,25/09/2023,137.5,53,4,550.0
18252,06/10/2023,06/10/2023,7600.0,188,1,7600.0
18292,02/12/2023,04/09/2023,700.0,131,6,4200.0
18295,18/02/2024,15/10/2023,337.8,53,8,2702.2
18304,01/03/2024,06/09/2023,2285.7,41,7,16000.0
18318,24/02/2024,11/09/2023,335.6,47,24,8055.3
18321,21/02/2024,13/09/2023,872.1,50,7,6105.0
18338,27/02/2024,04/10/2023,140.0,44,5,700.0
18358,19/01/2024,20/09/2023,833.3,83,3,2500.0
18360,07/01/2024,29/12/2023,624.5,95,2,1249.0
18369,12/02/2024,10/09/2023,435.0,59,6,2610.0
18416,20/09/2023,20/09/2023,500.0,204,1,500.0
18428,10/11/2023,15/10/2023,264.7,153,2,529.4
18552,01/03/2024,13/09/2023,856.2,41,9,7706.0
18556,27/02/2024,05/10/2023,633.3,44,6,3800.0
18564,08/02/2024,10/01/2024,130.0,63,2,260.0
18603,02/03/2024,18/09/2023,823.6,40,9,7412.6
18671,27/12/2023,01/10/2023,1093.1,106,8,8744.7
18677,01/03/2024,08/09/2023,1526.7,41,6,9160.0
18681,06/12/2023,06/12/2023,760.0,127,2,1520.0
18700,23/01/2024,06/10/2023,342.5,79,2,685.0
18712,30/12/2023,30/12/2023,600.0,103,1,600.0
18730,15/01/2024,15/01/2024,150.0,87,1,150.0
18756,16/01/2024,16/01/2024,550.0,86,1,550.0
18765,02/02/2024,13/09/2023,4000.0,69,5,20000.0
18788,21/01/2024,21/01/2024,400.0,81,1,400.0
18790,01/01/2024,07/10/2023,874.6,101,4,3498.5
18811,03/03/2024,15/09/2023,720.7,39,10,7207.0
18849,09/01/2024,06/09/2023,1550.0,93,3,4650.0
18898,08/02/2024,08/02/2024,501.0,63,1,501.0
18930,13/11/2023,13/11/2023,100.0,150,1,100.0
18954,20/02/2024,20/02/2024,494.0,51,1,494.0
18970,16/02/2024,19/09/2023,1227.8,55,9,11050.0
19062,08/02/2024,08/02/2024,500.0,63,1,500.0
19075,18/02/2024,22/11/2023,1300.0,53,3,3900.0
19108,06/12/2023,06/12/2023,1000.0,127,1,1000.0
19166,24/02/2024,14/01/2024,4603.8,47,4,18415.0
19315,26/02/2024,17/09/2023,640.2,45,5,3201.0
19328,03/02/2024,30/09/2023,1066.8,68,4,4267.0
19361,07/11/2023,26/09/2023,569.0,156,2,1138.0
19381,06/11/2023,12/09/2023,1000.0,157,2,2000.0
19412,12/02/2024,09/01/2024,2622.0,59,3,7866.0
19413,21/02/2024,09/10/2023,790.0,50,4,3160.0
19421,24/11/2023,24/11/2023,9500.0,139,1,9500.0
19503,10/11/2023,16/10/2023,1950.0,153,4,7800.0
19507,22/02/2024,09/11/2023,475.0,49,4,1900.0
19531,12/12/2023,07/10/2023,849.3,121,6,5096.0
19545,14/11/2023,14/11/2023,1000.5,149,2,2001.0
19555,19/02/2024,08/09/2023,583.3,52,6,3500.0
19565,16/02/2024,05/09/2023,591.1,55,13,7684.5
19576,24/02/2024,05/09/2023,520.9,47,13,6771.2
19589,19/01/2024,19/01/2024,1512.0,83,1,1512.0
19595,27/02/2024,07/02/2024,7566.7,44,3,22700.0
19596,23/01/2024,22/09/2023,272.7,79,6,1636.0
19612,01/01/2024,01/01/2024,76.0,101,1,76.0
19704,04/12/2023,03/09/2023,501.0,129,4,2004.0
19710,12/02/2024,17/09/2023,766.8,59,6,4601.0
19715,10/02/2024,10/02/2024,3000.0,61,1,3000.0
19789,08/02/2024,02/10/2023,1000.0,63,4,4000.0
19805,25/11/2023,25/11/2023,100.0,138,1,100.0
19807,26/02/2024,13/09/2023,989.0,45,4,3956.0
19813,02/03/2024,06/09/2023,205.9,40,24,4941.1
19850,25/12/2023,10/11/2023,270.8,108,4,1083.0
19882,15/01/2024,26/09/2023,7563.3,87,3,22690.0
19889,02/03/2024,05/09/2023,422.6,40,5,2113.0
19966,13/02/2024,28/11/2023,554.0,58,7,3878.0
20033,08/09/2023,08/09/2023,100.0,216,1,100.0
20054,01/12/2023,01/12/2023,7500.0,132,1,7500.0
20056,27/01/2024,25/09/2023,700.0,75,5,3500.0
20058,15/02/2024,12/10/2023,134.2,56,5,671.0
20081,10/11/2023,10/11/2023,400.0,153,1,400.0
20101,16/10/2023,16/10/2023,250.0,178,1,250.0
20109,13/10/2023,13/10/2023,1000.0,181,1,1000.0
20153,16/02/2024,16/02/2024,607.0,55,1,607.0
20173,13/10/2023,05/09/2023,856.5,181,2,1713.0
20200,24/09/2023,20/09/2023,1000.0,200,3,3000.0
20207,25/11/2023,25/11/2023,7200.0,138,1,7200.0
20223,03/10/2023,03/10/2023,79.0,191,1,79.0
20242,18/01/2024,03/11/2023,961.0,84,3,2883.0
20254,12/02/2024,12/02/2024,759.0,59,1,759.0
20293,20/10/2023,16/10/2023,1500.0,174,2,3000.0
20304,28/01/2024,08/09/2023,3005.7,74,6,18034.0
20321,15/11/2023,12/09/2023,254.3,148,3,763.0
20337,25/01/2024,21/11/2023,5000.0,77,2,10000.0
20355,13/12/2023,13/12/2023,241.7,120,1,241.7
20415,29/12/2023,29/12/2023,2275.0,104,1,2275.0
20422,28/11/2023,28/11/2023,2040.0,135,1,2040.0
20455,14/11/2023,14/11/2023,1513.0,149,1,1513.0
20464,10/11/2023,10/11/2023,760.0,153,1,760.0
20476,02/03/2024,04/10/2023,225.0,40,4,900.0
20518,29/02/2024,29/02/2024,761.0,42,1,761.0
20521,29/02/2024,09/11/2023,264.0,42,5,1320.0
20537,05/02/2024,10/09/2023,137.1,66,6,822.5
20545,19/11/2023,10/10/2023,150.4,144,3,451.2
20607,08/11/2023,08/11/2023,710.0,155,1,710.0
20620,04/01/2024,20/09/2023,800.0,98,3,2400.0
20640,23/02/2024,15/09/2023,1417.6,48,11,15594.0
20652,02/03/2024,02/03/2024,230.0,40,1,230.0
20667,08/01/2024,08/01/2024,195.0,94,1,195.0
20683,08/10/2023,02/09/2023,6604.3,186,5,33021.5
20688,15/02/2024,03/11/2023,1857.1,56,7,13000.0
20794,11/11/2023,10/09/2023,329.3,152,6,1976.0
20855,18/02/2024,04/09/2023,431.5,53,8,3452.0
20869,31/01/2024,04/12/2023,123.9,71,6,743.5
20892,16/01/2024,05/12/2023,3818.8,86,2,7637.7
20922,06/12/2023,06/12/2023,567.0,127,1,567.0
20949,21/11/2023,21/11/2023,500.0,142,1,500.0
20954,14/10/2023,13/09/2023,153.8,180,4,615.0
21124,28/11/2023,28/11/2023,1000.0,135,1,1000.0
21169,01/03/2024,24/01/2024,717.3,41,3,2151.9
21184,10/02/2024,11/09/2023,690.0,61,4,2760.0
21209,24/09/2023,24/09/2023,5000.0,200,1,5000.0
21251,01/01/2024,09/10/2023,104.1,101,4,416.4
21307,16/10/2023,16/10/2023,1500.0,178,1,1500.0
21325,16/01/2024,18/11/2023,201.2,86,6,1207.2
21422,10/01/2024,10/01/2024,837.0,92,1,837.0
21428,15/01/2024,15/01/2024,350.0,87,1,350.0
21459,26/02/2024,25/01/2024,925.0,45,2,1850.0
21495,06/02/2024,24/01/2024,479.0,65,2,958.0
21531,18/02/2024,18/02/2024,750.0,53,1,750.0
21540,24/12/2023,05/11/2023,787.3,109,3,2362.0
21572,25/02/2024,25/02/2024,1000.0,46,1,1000.0
21581,17/02/2024,03/09/2023,270.0,54,2,540.0
21630,20/09/2023,20/09/2023,338.6,204,2,677.3
21647,24/11/2023,08/09/2023,2094.0,139,2,4188.0
21713,02/10/2023,02/10/2023,3500.0,192,1,3500.0
21727,15/02/2024,05/12/2023,670.0,56,5,3350.0
21728,12/02/2024,15/09/2023,264.3,59,7,1850.0
21824,09/11/2023,09/11/2023,1900.0,154,1,1900.0
21847,24/02/2024,11/09/2023,527.4,47,7,3692.0
21874,25/01/2024,07/10/2023,1225.0,77,4,4900.0
21910,26/09/2023,26/09/2023,4162.0,198,1,4162.0
21938,31/01/2024,02/10/2023,213.7,71,9,1923.0
21986,08/02/2024,08/02/2024,2300.0,63,1,2300.0
22041,21/12/2023,05/12/2023,3000.0,112,2,6000.0
22047,16/02/2024,19/10/2023,460.0,55,5,2300.0
22101,13/02/2024,18/11/2023,466.0,58,5,2330.0
22141,08/12/2023,08/12/2023,2999.0,125,1,2999.0
22154,15/10/2023,15/10/2023,200.0,179,2,400.0
22155,12/02/2024,10/11/2023,152.0,59,2,304.0
22172,02/03/2024,14/10/2023,654.2,40,7,4579.5
22176,25/02/2024,23/09/2023,1125.0,46,8,9000.0
22216,15/10/2023,15/10/2023,1000.0,179,1,1000.0
22270,11/10/2023,11/10/2023,1500.0,183,1,1500.0
22274,10/02/2024,16/10/2023,1933.5,61,5,9667.3
22328,18/10/2023,18/10/2023,500.0,176,1,500.0
22336,19/02/2024,14/10/2023,800.0,52,5,4000.0
22345,04/12/2023,04/12/2023,1000.0,129,1,1000.0
22348,21/02/2024,06/09/2023,633.3,50,3,1900.0
22378,16/02/2024,29/09/2023,1415.0,55,4,5660.0
22380,18/01/2024,05/11/2023,2100.0,84,5,10500.0
22420,01/03/2024,08/10/2023,503.3,41,6,3020.0
22433,31/01/2024,06/10/2023,1135.2,71,5,5676.0
22435,12/01/2024,12/01/2024,2400.0,90,1,2400.0
22465,22/02/2024,17/10/2023,1373.5,49,4,5494.0
22478,19/02/2024,21/09/2023,615.4,52,5,3077.0
22480,06/12/2023,20/11/2023,4733.3,127,3,14200.0
22490,10/10/2023,10/10/2023,379.0,184,1,379.0
22543,06/12/2023,02/09/2023,541.3,127,3,1624.0
22567,14/12/2023,23/10/2023,2000.0,119,2,4000.0
22615,26/02/2024,08/09/2023,600.0,45,10,6000.0
22657,29/02/2024,04/09/2023,573.8,42,8,4590.0
22748,15/09/2023,15/09/2023,379.3,209,1,379.3
22784,17/01/2024,17/01/2024,114.0,85,1,114.0
22802,11/10/2023,11/10/2023,1000.0,183,1,1000.0
22803,03/03/2024,01/09/2023,875.2,39,17,14878.0
22817,22/01/2024,22/01/2024,1141.0,80,1,1141.0
22847,31/01/2024,31/01/2024,350.0,71,1,350.0
22859,01/10/2023,06/09/2023,545.0,193,2,1090.0
22867,08/11/2023,08/11/2023,500.0,155,1,500.0
22884,11/02/2024,11/02/2024,500.0,60,1,500.0
22891,12/02/2024,14/09/2023,352.4,59,7,2467.0
22903,09/11/2023,09/11/2023,1900.0,154,1,1900.0
22912,01/02/2024,07/09/2023,666.7,70,3,2000.0
22916,04/10/2023,04/10/2023,760.0,190,1,760.0
22933,21/09/2023,21/09/2023,227.0,203,1,227.0
22963,18/12/2023,18/12/2023,10.0,115,1,10.0
23003,23/02/2024,20/02/2024,1600.2,48,5,8001.0
23011,21/02/2024,06/09/2023,2000.0,50,3,6000.0
23042,13/10/2023,05/10/2023,750.0,181,2,1500.0
23083,07/01/2024,07/01/2024,460.0,95,1,460.0
23120,18/11/2023,18/11/2023,1513.0,145,1,1513.0
23121,03/11/2023,04/10/2023,750.0,160,2,1500.0
23127,29/02/2024,29/09/2023,666.0,42,4,2664.0
23136,18/01/2024,29/12/2023,3048.5,84,2,6097.0
23163,29/02/2024,08/09/2023,154.7,42,4,618.7
23185,12/12/2023,08/11/2023,5295.5,121,4,21182.0
23235,08/01/2024,19/09/2023,1000.4,94,5,5002.0
23260,24/01/2024,03/09/2023,468.3,78,4,1873.1
23265,01/03/2024,28/09/2023,252.4,41,7,1767.0
23285,07/09/2023,07/09/2023,129.0,217,1,129.0
23296,02/03/2024,04/10/2023,281.7,40,6,1690.0
23359,08/10/2023,08/10/2023,997.0,186,1,997.0
23361,05/10/2023,05/10/2023,303.0,189,1,303.0
23382,10/02/2024,10/02/2024,152.0,61,1,152.0
23398,01/03/2024,01/03/2024,190.3,41,1,190.3
23422,03/03/2024,08/02/2024,600.0,39,2,1200.0
23441,31/12/2023,06/09/2023,356.4,102,5,1782.0
23463,21/02/2024,21/02/2024,7000.0,50,1,7000.0
23528,23/02/2024,12/10/2023,580.5,48,10,5805.0
23570,01/03/2024,08/11/2023,1889.3,41,5,9446.7
23576,18/02/2024,02/09/2023,831.4,53,9,7483.0
23600,30/12/2023,12/09/2023,835.0,103,4,3340.0
23604,28/02/2024,19/09/2023,116.7,43,6,700.0
23691,13/10/2023,13/10/2023,305.0,181,1,305.0
23725,13/02/2024,13/02/2024,5000.0,58,1,5000.0
23735,17/09/2023,17/09/2023,7500.0,207,2,15000.0
23780,18/02/2024,24/09/2023,728.0,53,4,2912.0
23811,09/02/2024,14/09/2023,1297.3,62,13,16865.0
23828,27/02/2024,31/01/2024,293.3,44,6,1760.1
23887,27/02/2024,14/09/2023,601.1,44,9,5410.0
23890,13/02/2024,13/02/2024,1220.0,58,1,1220.0
23901,28/02/2024,14/10/2023,485.5,43,6,2913.0
23909,16/11/2023,03/11/2023,683.3,147,3,2050.0
24007,29/12/2023,29/12/2023,759.0,104,1,759.0
24024,08/10/2023,11/09/2023,149.3,186,3,448.0
24052,06/02/2024,11/09/2023,2038.0,65,6,12228.0
24061,24/02/2024,24/11/2023,528.9,47,14,7404.0
24129,13/11/2023,13/11/2023,76.0,150,1,76.0
24146,26/02/2024,07/09/2023,226.4,45,7,1585.0
24267,03/11/2023,03/11/2023,1515.0,160,1,1515.0
24272,03/02/2024,03/02/2024,997.0,68,1,997.0
24344,23/02/2024,06/09/2023,1116.7,48,6,6700.0
24362,04/10/2023,04/10/2023,2000.0,190,1,2000.0
24387,02/01/2024,11/09/2023,333.3,100,3,1000.0
24391,18/01/2024,18/01/2024,3200.0,84,1,3200.0
24435,14/02/2024,20/11/2023,3151.0,57,3,9453.0
24482,23/02/2024,23/02/2024,500.0,48,1,500.0
24500,29/12/2023,09/11/2023,850.0,104,2,1700.0
24502,15/01/2024,15/01/2024,800.0,87,1,800.0
24533,22/02/2024,02/10/2023,1580.0,49,5,7900.0
24536,02/03/2024,17/10/2023,6031.5,40,2,12063.0
24585,14/11/2023,18/09/2023,379.0,149,2,758.1
24611,15/10/2023,13/09/2023,232.5,179,2,465.0
24622,27/12/2023,07/12/2023,1683.3,106,3,5050.0
24636,26/01/2024,10/01/2024,3666.0,76,3,10998.0
24641,19/09/2023,19/09/2023,10000.0,205,1,10000.0
24647,28/02/2024,07/09/2023,777.8,43,9,7000.0
24669,17/02/2024,15/10/2023,1534.9,54,2,3069.8
24683,22/02/2024,03/09/2023,502.6,49,7,3518.0
24694,11/09/2023,11/09/2023,775.0,213,1,775.0
24729,21/02/2024,03/09/2023,320.4,50,17,5447.0
24800,29/02/2024,07/09/2023,4177.0,42,4,16708.0
24873,10/01/2024,12/12/2023,460.0,92,2,920.0
24919,20/10/2023,20/10/2023,1500.0,174,1,1500.0
24954,09/11/2023,06/09/2023,225.0,154,2,450.0
24998,24/02/2024,10/10/2023,476.3,47,4,1905.0
25034,09/01/2024,09/01/2024,500.0,93,1,500.0
25114,16/02/2024,25/01/2024,1750.0,55,2,3500.0
25145,01/03/2024,12/09/2023,422.0,41,5,2110.0
25180,11/02/2024,28/09/2023,259.8,60,7,1818.4
25223,14/02/2024,11/09/2023,4500.0,57,5,22500.0
25242,26/02/2024,21/01/2024,1042.5,45,2,2085.0
25347,11/02/2024,30/09/2023,916.7,60,3,2750.0
25396,01/03/2024,11/09/2023,163.8,41,16,2621.0
25433,19/10/2023,15/09/2023,333.3,175,3,1000.0
25459,06/02/2024,06/09/2023,450.0,65,7,3150.0
25467,09/02/2024,19/01/2024,200.0,62,2,400.0
25490,20/02/2024,20/02/2024,500.0,51,1,500.0
25508,24/11/2023,24/11/2023,100.0,139,1,100.0
25523,29/01/2024,11/09/2023,150.0,73,5,750.0
25566,12/02/2024,16/10/2023,1021.7,59,7,7152.0
25609,21/01/2024,28/09/2023,1176.5,81,4,4706.0
25618,26/02/2024,26/02/2024,495.0,45,1,495.0
25641,07/02/2024,25/10/2023,392.3,64,3,1177.0
25667,30/11/2023,25/09/2023,1136.0,133,5,5680.0
25672,21/01/2024,30/12/2023,1000.0,81,2,2000.0
25677,27/02/2024,27/02/2024,800.0,44,1,800.0
25717,26/02/2024,26/02/2024,3900.0,45,1,3900.0
25735,12/11/2023,25/09/2023,433.3,151,3,1300.0
25771,06/02/2024,03/10/2023,1007.8,65,5,5039.0
25808,01/03/2024,01/03/2024,500.0,41,1,500.0
25835,01/02/2024,01/02/2024,2283.0,70,1,2283.0
25895,16/02/2024,28/09/2023,1647.5,55,6,9885.0
25942,20/11/2023,20/11/2023,4000.0,143,1,4000.0
26026,05/10/2023,22/09/2023,312.5,189,2,625.0
26033,23/09/2023,11/09/2023,569.7,201,2,1139.5
26038,22/02/2024,30/10/2023,1069.5,49,4,4278.1
26114,03/03/2024,03/03/2024,3000.0,39,1,3000.0
26131,05/01/2024,10/10/2023,1000.0,97,2,2000.0
26152,01/03/2024,01/03/2024,192.0,41,1,192.0
26160,21/01/2024,21/01/2024,1000.0,81,1,1000.0
26173,30/10/2023,30/10/2023,1000.0,164,1,1000.0
26175,23/02/2024,05/12/2023,1550.0,48,2,3100.0
26183,25/02/2024,12/01/2024,717.2,46,6,4303.0
26192,05/02/2024,09/10/2023,1327.5,66,2,2655.0
26194,19/01/2024,09/11/2023,365.1,83,15,5477.0
26195,02/01/2024,02/01/2024,2500.0,100,1,2500.0
26207,04/03/2024,19/02/2024,1500.0,38,2,3000.0
26251,16/02/2024,26/11/2023,103.5,55,4,414.0
26258,08/01/2024,19/12/2023,210.7,94,3,632.0
26284,17/10/2023,17/10/2023,1200.0,177,1,1200.0
26343,28/02/2024,05/10/2023,609.2,43,10,6092.0
26345,26/01/2024,26/01/2024,99.0,76,1,99.0
26356,06/11/2023,22/10/2023,120.0,157,2,240.0
26357,04/12/2023,16/11/2023,805.0,129,2,1610.0
26388,09/09/2023,09/09/2023,760.0,215,1,760.0
26407,09/02/2024,08/11/2023,1333.7,62,3,4001.0
26413,21/02/2024,27/09/2023,914.2,50,6,5485.0
26431,13/02/2024,13/02/2024,3000.0,58,1,3000.0
26494,13/02/2024,12/11/2023,88.0,58,2,176.0
26513,22/01/2024,13/10/2023,666.7,80,3,2000.0
26582,02/03/2024,13/09/2023,500.0,40,2,1000.0
26593,11/12/2023,06/09/2023,327.0,122,2,654.0
26616,02/01/2024,02/01/2024,2500.0,100,2,5000.0
26619,29/12/2023,29/12/2023,3800.0,104,1,3800.0
26663,02/03/2024,15/09/2023,1800.0,40,5,9000.0
26708,20/02/2024,05/12/2023,350.0,51,2,700.0
26714,07/01/2024,07/01/2024,304.0,95,1,304.0
26775,27/02/2024,27/02/2024,800.0,44,1,800.0
26782,22/02/2024,23/10/2023,201.9,49,5,1009.6
26801,01/03/2024,14/10/2023,403.7,41,3,1211.0
26806,22/02/2024,16/01/2024,1262.5,49,4,5050.0
26832,20/02/2024,24/01/2024,140.0,51,3,420.0
26834,21/09/2023,21/09/2023,5000.0,203,1,5000.0
26841,25/01/2024,16/09/2023,4175.0,77,4,16700.0
26864,26/02/2024,11/11/2023,771.8,45,6,4631.0
26918,05/02/2024,30/11/2023,1073.3,66,3,3220.0
26921,15/10/2023,15/10/2023,2000.0,179,1,2000.0
26941,03/03/2024,12/09/2023,98.8,39,11,1086.5
26946,01/11/2023,09/09/2023,450.0,162,2,900.0
26953,29/10/2023,29/10/2023,2550.0,165,1,2550.0
26956,24/09/2023,24/09/2023,10.0,200,1,10.0
26973,16/09/2023,16/09/2023,200.0,208,1,200.0
26982,01/02/2024,16/09/2023,499.8,70,4,1999.0
26988,10/01/2024,10/01/2024,460.0,92,1,460.0
26994,15/02/2024,15/02/2024,3795.0,56,1,3795.0
27011,02/03/2024,21/09/2023,463.6,40,7,3245.0
27014,22/02/2024,06/10/2023,450.0,49,2,900.0
27024,26/02/2024,25/09/2023,881.0,45,4,3524.0
27054,14/02/2024,15/09/2023,317.5,57,4,1270.0
27055,30/01/2024,12/10/2023,1083.0,72,4,4332.0
27056,11/01/2024,15/09/2023,227.3,91,10,2273.0
27118,14/02/2024,18/12/2023,457.0,57,3,1371.0
27123,18/09/2023,18/09/2023,1000.0,206,1,1000.0
27164,20/12/2023,11/10/2023,1111.2,113,3,3333.5
27181,15/10/2023,14/09/2023,757.7,179,2,1515.4
27184,29/01/2024,11/09/2023,655.7,73,7,4590.0
27193,08/02/2024,03/09/2023,285.9,63,9,2573.0
27196,19/12/2023,16/11/2023,733.7,114,3,2201.0
27210,29/02/2024,09/10/2023,332.5,42,8,2659.7
27211,31/01/2024,11/11/2023,350.0,71,2,700.0
27215,30/01/2024,30/01/2024,152.0,72,1,152.0
27225,13/02/2024,13/02/2024,1200.0,58,2,2400.0
27254,10/12/2023,10/12/2023,2270.0,123,1,2270.0
27261,04/01/2024,04/01/2024,377.0,98,1,377.0
27287,26/01/2024,06/09/2023,577.8,76,8,4622.0
27319,26/09/2023,26/09/2023,2600.0,198,1,2600.0
27326,29/12/2023,29/12/2023,3500.0,104,1,3500.0
27338,24/01/2024,24/01/2024,4000.0,78,1,4000.0
27360,22/02/2024,22/02/2024,305.0,49,1,305.0
27389,26/02/2024,26/01/2024,380.0,45,5,1900.0
27408,24/09/2023,24/09/2023,3800.0,200,1,3800.0
27411,17/10/2023,17/10/2023,760.0,177,1,760.0
27495,02/02/2024,29/09/2023,1000.0,69,2,2000.0
27509,12/02/2024,16/09/2023,3500.0,59,4,14000.0
27518,21/01/2024,16/10/2023,1458.8,81,5,7294.0
27528,18/10/2023,18/10/2023,500.0,176,1,500.0
27531,08/11/2023,09/10/2023,1500.5,155,2,3001.0
27532,27/12/2023,05/09/2023,533.3,106,6,3200.0
27537,22/09/2023,22/09/2023,750.0,202,2,1500.0
27547,04/10/2023,04/10/2023,606.0,190,1,606.0
27566,03/03/2024,13/09/2023,235.4,39,12,2825.0
27579,03/03/2024,03/12/2023,1132.3,39,5,5661.4
27584,28/12/2023,01/10/2023,1440.0,105,2,2880.0
27592,21/01/2024,21/01/2024,2300.0,81,1,2300.0
27615,08/09/2023,08/09/2023,65.0,216,1,65.0
27625,18/01/2024,09/12/2023,576.0,84,2,1152.0
27635,01/03/2024,06/10/2023,164.5,41,2,329.0
27643,02/03/2024,18/11/2023,255.6,40,7,1789.5
27649,19/02/2024,16/10/2023,323.2,52,5,1616.0
27652,27/12/2023,01/09/2023,437.5,106,4,1750.0
27658,02/02/2024,25/09/2023,120.0,69,5,600.0
27706,24/09/2023,24/09/2023,150.0,200,1,150.0
27724,12/02/2024,05/10/2023,569.6,59,14,7974.4
27727,06/02/2024,05/09/2023,549.6,65,14,7694.0
27731,30/09/2023,30/09/2023,600.0,194,1,600.0
27740,28/02/2024,14/11/2023,553.5,43,4,2214.0
27742,04/02/2024,04/02/2024,500.0,67,1,500.0
27747,02/03/2024,18/09/2023,429.3,40,10,4293.0
27750,19/01/2024,19/01/2024,100.0,83,1,100.0
27751,25/11/2023,28/09/2023,280.0,138,3,840.0
27759,30/12/2023,30/12/2023,591.0,103,1,591.0
27771,31/10/2023,31/10/2023,379.0,163,1,379.0
27772,12/01/2024,12/01/2024,1000.0,90,1,1000.0
27793,21/02/2024,22/10/2023,1000.0,50,3,3000.0
27795,07/12/2023,18/10/2023,646.5,126,5,3232.7
27806,09/02/2024,09/02/2024,1000.0,62,1,1000.0
27811,21/11/2023,13/09/2023,1320.3,142,3,3961.0
27812,24/01/2024,24/01/2024,377.0,78,1,377.0
27814,07/02/2024,06/02/2024,877.5,64,2,1755.0
27835,09/01/2024,20/10/2023,417.0,93,4,1668.0
27846,31/01/2024,25/11/2023,1877.7,71,2,3755.4
27856,12/01/2024,12/10/2023,512.5,90,4,2050.0
27859,24/02/2024,24/02/2024,1327.0,47,4,5308.0
27862,22/02/2024,19/09/2023,439.0,49,4,1756.0
27875,15/02/2024,15/01/2024,815.0,56,2,1630.0
27877,27/02/2024,14/10/2023,217.5,44,3,652.5
27889,02/03/2024,05/10/2023,2353.5,40,4,9414.2
27893,10/12/2023,10/12/2023,7560.0,123,2,15120.0
27896,23/01/2024,04/11/2023,1828.7,79,3,5486.0
27921,29/02/2024,06/10/2023,373.3,42,7,2613.0
27975,19/12/2023,03/10/2023,393.8,114,4,1575.0
27988,13/02/2024,09/11/2023,600.0,58,3,1800.0
28021,02/02/2024,02/02/2024,7000.0,69,1,7000.0
28045,27/02/2024,27/02/2024,500.0,44,1,500.0
28055,29/02/2024,13/02/2024,3513.3,42,3,10540.0
28066,23/12/2023,23/12/2023,7535.0,110,1,7535.0
28085,08/02/2024,08/09/2023,273.7,63,3,821.0
28092,24/09/2023,24/09/2023,1000.0,200,1,1000.0
28099,07/11/2023,06/11/2023,2012.2,156,5,10061.0
28100,28/02/2024,02/09/2023,473.9,43,9,4265.0
28106,01/03/2024,07/01/2024,333.3,41,3,1000.0
28136,17/02/2024,04/11/2023,948.5,54,2,1897.0
28140,01/03/2024,14/02/2024,2844.4,41,7,19911.1
28162,23/01/2024,26/09/2023,1000.0,79,3,3000.0
28190,08/02/2024,24/09/2023,799.5,63,4,3198.0
28211,12/02/2024,28/09/2023,354.0,59,5,1770.0
28212,16/02/2024,16/02/2024,1000.0,55,2,2000.0
28228,21/02/2024,15/01/2024,1331.0,50,4,5324.0
28257,15/09/2023,15/09/2023,100.0,209,1,100.0
28264,09/10/2023,09/10/2023,380.0,185,2,760.0
28300,23/02/2024,01/09/2023,5110.1,48,4,20440.5
28308,14/10/2023,14/10/2023,900.0,180,1,900.0
28358,21/10/2023,21/10/2023,380.0,173,1,380.0
28361,18/10/2023,18/10/2023,380.0,176,1,380.0
28364,02/03/2024,01/11/2023,1825.0,40,8,14600.0
28366,23/01/2024,26/09/2023,223.0,79,4,892.0
28378,27/09/2023,27/09/2023,1000.0,197,1,1000.0
28386,17/10/2023,17/10/2023,100.0,177,1,100.0
28408,03/09/2023,03/09/2023,1000.0,221,1,1000.0
28413,03/03/2024,03/03/2024,7603.2,39,1,7603.2
28449,03/03/2024,03/03/2024,3038.0,39,1,3038.0
28464,03/03/2024,05/10/2023,486.3,39,4,1945.0
28476,13/02/2024,13/09/2023,476.0,58,15,7140.0
28481,25/12/2023,12/09/2023,414.0,108,7,2898.0
28484,22/02/2024,18/10/2023,124.0,49,2,248.0
28494,18/02/2024,17/09/2023,340.7,53,7,2385.0
28496,20/02/2024,05/01/2024,500.0,51,4,2000.0
28507,07/01/2024,24/12/2023,3250.0,95,2,6500.0
28510,30/01/2024,30/01/2024,300.0,72,1,300.0
28516,16/11/2023,09/10/2023,7502.5,147,4,30010.0
28577,07/01/2024,07/01/2024,3000.0,95,1,3000.0
28586,21/09/2023,15/09/2023,4753.9,203,8,38031.0
28609,10/02/2024,10/02/2024,4150.0,61,1,4150.0
28623,20/12/2023,20/12/2023,1000.0,113,1,1000.0
28629,04/10/2023,04/10/2023,1000.0,190,1,1000.0
28636,03/03/2024,03/09/2023,387.7,39,12,4652.4
28639,12/02/2024,13/09/2023,173.6,59,7,1215.0
28645,17/11/2023,11/09/2023,800.0,146,2,1600.0
28664,13/01/2024,17/11/2023,429.7,89,2,859.4
28677,31/01/2024,15/01/2024,108.0,71,2,216.0
28678,24/09/2023,24/09/2023,900.0,200,1,900.0
28703,11/02/2024,11/02/2024,2000.0,60,1,2000.0
28716,02/03/2024,05/01/2024,790.3,40,12,9483.0
28747,27/02/2024,27/02/2024,238.0,44,1,238.0
28748,08/11/2023,08/11/2023,355.0,155,2,710.0
28792,01/02/2024,01/02/2024,255.0,70,1,255.0
28794,20/01/2024,03/10/2023,658.0,82,3,1974.0
28795,09/02/2024,08/09/2023,1477.2,62,5,7386.0
28816,07/02/2024,07/02/2024,381.0,64,1,381.0
28828,09/01/2024,12/09/2023,126.7,93,3,380.0
28849,22/02/2024,07/10/2023,740.0,49,5,3700.0
28895,23/12/2023,23/12/2023,4000.0,110,1,4000.0
28937,13/02/2024,16/11/2023,523.7,58,6,3142.0
28946,20/02/2024,20/02/2024,605.0,51,1,605.0
28984,03/01/2024,03/01/2024,7500.0,99,1,7500.0
28992,14/01/2024,12/01/2024,6000.0,88,2,12000.0
28993,26/09/2023,26/09/2023,2000.0,198,1,2000.0
29014,21/12/2023,21/12/2023,4000.0,112,1,4000.0
29042,29/02/2024,30/01/2024,703.7,42,3,2111.0
29059,26/02/2024,15/02/2024,925.0,45,2,1850.0
29071,22/11/2023,02/11/2023,832.1,141,3,2496.3
29075,06/02/2024,15/09/2023,543.2,65,5,2716.1
29108,17/02/2024,01/11/2023,1626.7,54,3,4880.0
29128,10/02/2024,14/10/2023,208.0,61,2,416.1
29134,25/01/2024,01/09/2023,202.7,77,3,608.0
29155,06/02/2024,06/02/2024,397.0,65,1,397.0
29174,29/10/2023,29/10/2023,2275.0,165,1,2275.0
29187,01/09/2023,01/09/2023,500.0,223,1,500.0
29200,28/12/2023,28/12/2023,4520.0,105,1,4520.0
29206,20/02/2024,10/09/2023,332.5,51,8,2660.0
29212,21/11/2023,21/09/2023,1833.3,142,3,5500.0
29213,22/02/2024,26/09/2023,627.4,49,12,7529.3
29214,26/09/2023,26/09/2023,140.0,198,1,140.0
29216,22/01/2024,23/10/2023,3380.0,80,6,20280.0
29225,16/10/2023,16/10/2023,400.0,178,1,400.0
29235,21/02/2024,26/11/2023,312.5,50,2,625.0
30002,14/02/2024,03/11/2023,3120.0,57,5,15600.0
30011,26/11/2023,15/09/2023,997.3,137,4,3989.0
30020,02/01/2024,23/10/2023,903.7,100,3,2711.0
30028,03/12/2023,08/09/2023,4600.0,130,3,13800.0
30029,01/03/2024,01/09/2023,329.1,41,6,1974.4
30032,02/09/2023,02/09/2023,1500.0,222,1,1500.0
30037,24/10/2023,03/09/2023,2125.0,170,2,4250.0
30040,19/01/2024,08/09/2023,1935.0,83,2,3870.0
30043,13/01/2024,12/09/2023,1050.0,89,6,6300.0
30049,29/12/2023,18/09/2023,833.3,104,3,2500.0
30050,08/11/2023,08/11/2023,10.1,155,1,10.1
30062,23/11/2023,25/09/2023,4620.0,140,3,13860.0
30068,22/11/2023,27/09/2023,1095.0,141,4,4380.0
30071,04/02/2024,04/10/2023,579.3,67,3,1738.0
30072,06/02/2024,29/09/2023,313.3,65,6,1880.0
30078,27/12/2023,27/12/2023,142.9,106,1,142.9
30084,20/02/2024,08/10/2023,693.9,51,9,6244.8
30086,18/02/2024,11/10/2023,574.1,53,9,5167.2
30089,12/10/2023,12/10/2023,275.0,182,1,275.0
30095,17/10/2023,17/10/2023,2388.0,177,1,2388.0
30096,17/01/2024,01/11/2023,812.5,85,4,3250.0
30101,22/02/2024,21/10/2023,2658.0,49,2,5316.0
30105,03/03/2024,26/10/2023,5793.8,39,8,46350.0
30107,29/10/2023,29/10/2023,540.0,165,1,540.0
30109,02/11/2023,02/11/2023,760.0,161,1,760.0
30110,01/11/2023,01/11/2023,7000.0,162,1,7000.0
30115,28/01/2024,19/11/2023,3400.0,74,2,6800.0
30119,09/11/2023,09/11/2023,1001.0,154,1,1001.0
30122,26/01/2024,11/11/2023,286.0,76,5,1430.0
30123,03/01/2024,03/01/2024,1505.0,99,1,1505.0
30126,28/11/2023,28/11/2023,4000.0,135,1,4000.0
30129,14/11/2023,14/11/2023,2300.0,149,1,2300.0
30134,20/02/2024,20/02/2024,200.0,51,1,200.0
30138,24/01/2024,25/11/2023,7790.0,78,2,15580.0
30140,06/12/2023,06/12/2023,200.0,127,1,200.0
30142,17/01/2024,06/12/2023,2650.0,85,2,5300.0
30143,03/12/2023,02/12/2023,4500.0,130,2,9000.0
30150,09/12/2023,09/12/2023,379.0,124,1,379.0
30153,06/02/2024,02/01/2024,4287.1,65,7,30010.0
30155,07/02/2024,14/12/2023,542.3,64,3,1627.0
30156,16/12/2023,16/12/2023,152.0,117,1,152.0
30159,04/02/2024,26/12/2023,2080.5,67,4,8322.0
30164,22/12/2023,22/12/2023,7530.0,111,1,7530.0
30170,28/12/2023,28/12/2023,226.0,105,1,226.0
30175,01/01/2024,01/01/2024,4000.0,101,1,4000.0
30178,08/02/2024,02/01/2024,6099.0,63,5,30495.0
30180,01/03/2024,31/12/2023,1268.8,41,4,5075.4
30186,27/02/2024,02/01/2024,1068.6,44,5,5343.0
30190,03/01/2024,03/01/2024,80.0,99,1,80.0
30191,05/01/2024,05/01/2024,500.0,97,1,500.0
30193,05/01/2024,05/01/2024,497.0,97,1,497.0
30194,05/01/2024,05/01/2024,500.0,97,1,500.0
30195,05/01/2024,05/01/2024,500.0,97,1,500.0
30197,10/02/2024,08/01/2024,750.0,61,3,2250.0
30203,11/02/2024,08/01/2024,253.7,60,6,1522.5
30204,07/02/2024,07/02/2024,200.0,64,1,200.0
30212,15/01/2024,15/01/2024,500.0,87,1,500.0
30215,05/02/2024,16/01/2024,1780.1,66,3,5340.2
30217,23/01/2024,16/01/2024,849.5,79,2,1699.0
30222,21/01/2024,21/01/2024,1000.0,81,1,1000.0
30224,21/01/2024,21/01/2024,395.0,81,1,395.0
30225,22/01/2024,21/01/2024,1133.3,80,3,3400.0
30226,22/01/2024,22/01/2024,2000.0,80,1,2000.0
30228,22/01/2024,22/01/2024,200.0,80,1,200.0
30230,28/02/2024,22/01/2024,625.0,43,2,1250.0
30231,26/02/2024,23/01/2024,2100.0,45,2,4200.0
30237,29/01/2024,29/01/2024,1000.0,73,3,3000.0
30240,27/02/2024,27/01/2024,1000.0,44,3,3000.0
30243,09/02/2024,28/01/2024,2750.0,62,2,5500.0
30253,01/02/2024,01/02/2024,1894.0,70,1,1894.0
30255,18/02/2024,01/02/2024,1400.2,53,5,7001.0
30257,03/02/2024,03/02/2024,1200.0,68,1,1200.0
30258,25/02/2024,04/02/2024,493.0,46,5,2465.0
30259,04/02/2024,04/02/2024,1000.0,67,1,1000.0
30260,05/02/2024,05/02/2024,700.0,66,1,700.0
30261,18/02/2024,06/02/2024,2507.1,53,7,17550.0
30262,16/02/2024,07/02/2024,564.5,55,3,1693.6
30269,08/02/2024,08/02/2024,1000.0,63,1,1000.0
30270,08/02/2024,08/02/2024,500.0,63,1,500.0
30272,10/02/2024,10/02/2024,5000.0,61,1,5000.0
30273,10/02/2024,10/02/2024,2498.0,61,1,2498.0
30275,03/03/2024,11/02/2024,950.0,39,2,1900.0
30285,15/02/2024,15/02/2024,574.0,56,1,574.0
30288,17/02/2024,17/02/2024,1000.0,54,1,1000.0
30291,19/02/2024,19/02/2024,1000.0,52,1,1000.0
30300,28/02/2024,28/02/2024,1600.0,43,1,1600.0
30304,25/02/2024,25/02/2024,1545.0,46,1,1545.0
30305,25/02/2024,25/02/2024,1515.0,46,1,1515.0
30307,27/02/2024,26/02/2024,2100.0,44,2,4200.0
30309,28/02/2024,28/02/2024,150.0,43,1,150.0
30312,02/03/2024,02/03/2024,1135.0,40,1,1135.0
30313,02/03/2024,02/03/2024,1597.0,40,1,1597.0
,,,,,,